timestamp,nx,ny,nz,roll,pitch,pub_vis_score,pub_inlier_score,pub_combined_score,curr_vis_score,curr_inlier_score,curr_combined_score,inlier_count,subcloud_size,inlier_ratio,using_fallback,fallback_unavailable
1781866660.262165,0.0230766,-0.0202926,-0.999528,0,0,1,0.0435606,0.617424,1,0.0435606,0.617424,69,5280,0.0130682,0,0
1781866660.312152,0.0258863,-0.018538,-0.999493,0,0,1,0.0510446,0.620418,1,0.0510446,0.620418,86,5616,0.0153134,0,0
1781866660.362167,0.0257192,-0.0212738,-0.999443,0,0,1,0.0471814,0.618873,1,0.0471814,0.618873,77,5440,0.0141544,0,0
1781866660.412272,0.0277978,-0.0212241,-0.999388,0,0,1,0.0507973,0.620319,1,0.0507973,0.620319,79,5184,0.0152392,0,0
1781866660.462181,0.0595159,0.012828,-0.998145,0,0,1,0.0450627,0.618025,1,0.0450627,0.618025,69,5104,0.0135188,0,0
1781866660.512184,5.74693e-05,-0.0196069,-0.999808,0,0,1,0.0634058,0.625362,1,0.0634058,0.625362,105,5520,0.0190217,0,0
1781866660.562190,0.00890107,-0.035259,-0.999338,0,0,1,0.0384964,0.615399,1,0.0384964,0.615399,51,4416,0.0115489,0,0
1781866660.612206,0.0245664,-0.0174414,-0.999546,0,0,1,0.0425,0.617,1,0.0425,0.617,51,4000,0.01275,0,0
1781866660.662236,0.0240214,-0.0165177,-0.999575,0,0,1,0.0485248,0.61941,1,0.0485248,0.61941,75,5152,0.0145575,0,0
1781866660.712214,0.0253891,-0.0203542,-0.99947,0,0,1,0.0498634,0.619945,1,0.0498634,0.619945,73,4880,0.014959,0,0
1781866660.862225,0.0561425,0.0212645,-0.998196,0,0,1,0.0462963,0.618519,1,0.0462963,0.618519,64,4608,0.0138889,0,0
1781866660.912231,0.0516501,0.0224119,-0.998414,0,0,1,0.0539044,0.621562,1,0.0539044,0.621562,74,4576,0.0161713,0,0
1781866660.962242,0.0573401,0.0256285,-0.998026,0,0,1,0.0539303,0.621572,1,0.0539303,0.621572,73,4512,0.0161791,0,0
1781866661.012240,0.0160096,-0.00976977,-0.999824,0,0,1,0.0584532,0.623381,1,0.0584532,0.623381,78,4448,0.017536,0,0
1781866661.062239,0.0176904,-0.0129432,-0.99976,0,0,1,0.0463867,0.618555,1,0.0463867,0.618555,57,4096,0.013916,0,0
1781866661.112252,0.0154354,-0.0164257,-0.999746,0,0,1,0.0545818,0.621833,1,0.0545818,0.621833,71,4336,0.0163745,0,0
1781866661.162289,-0.0333108,-0.0414274,-0.998586,0,0,1,0.0517516,0.620701,1,0.0517516,0.620701,78,5024,0.0155255,0,0
1781866661.212463,-0.0311566,-0.0203262,-0.999308,0,0,1,0.046503,0.618601,1,0.046503,0.618601,50,3584,0.0139509,0,0
1781866661.262279,0.033538,-0.00526844,-0.999423,0,0,1,0.0415305,0.616612,1,0.0415305,0.616612,61,4896,0.0124592,0,0
1781866661.312292,-0.0785891,-0.125537,-0.988971,0,0,1,0.0562562,0.622502,1,0.0562562,0.622502,91,5392,0.0168769,0,0
1781866661.362275,-0.0220634,-0.0631468,-0.99776,0,0,1,0.0368324,0.614733,1,0.0368324,0.614733,32,2896,0.0110497,0,0
1781866661.412314,0.0715388,0.0584803,-0.995722,0,0,1,0.0389004,0.61556,1,0.0389004,0.61556,45,3856,0.0116701,0,0
1781866661.462302,0.137539,0.0725,-0.98784,0,0,1,0.0418374,0.616735,1,0.0418374,0.616735,49,3904,0.0125512,0,0
1781866661.562350,0.119122,0.0423991,-0.991974,0,0,1,0.0377415,0.615097,1,0.0377415,0.615097,50,4416,0.0113225,0,0
1781866661.612352,0.135209,0.0617413,-0.988892,0,0,1,0.0387427,0.615497,1,0.0387427,0.615497,53,4560,0.0116228,0,0
1781866661.662355,0.139656,0.0396964,-0.989404,0,0,1,0.0386364,0.615455,1,0.0386364,0.615455,51,4400,0.0115909,0,0
1781866661.711967,0.150228,0.0510059,-0.987335,0,0,1,0.0396825,0.615873,1,0.0396825,0.615873,52,4368,0.0119048,0,0
1781866661.761930,0.1432,0.0365736,-0.989018,0,0,1,0.0415129,0.616605,1,0.0415129,0.616605,54,4336,0.0124539,0,0
1781866661.811969,0.147155,0.0475836,-0.987968,0,0,1,0.0378788,0.615152,1,0.0378788,0.615152,48,4224,0.0113636,0,0
1781866661.861551,0.15595,-0.0623831,-0.985793,0,0,1,0.0422598,0.616904,1,0.0422598,0.616904,57,4496,0.0126779,0,0
1781866661.911667,0.153704,-0.0642411,-0.986027,0,0,1,0.0433094,0.617324,1,0.0433094,0.617324,58,4464,0.0129928,0,0
1781866661.961600,0.16114,-0.0705829,-0.984404,0,0,1,0.0400916,0.616037,1,0.0400916,0.616037,56,4656,0.0120275,0,0
1781866662.011215,0.12288,-0.0941097,-0.987949,0,0,1,0.0420806,0.616832,1,0.0420806,0.616832,61,4832,0.0126242,0,0
1781866662.112564,0.00429329,-0.0406451,-0.999165,0,0,1,0.0423611,0.616944,1,0.0423611,0.616944,61,4800,0.0127083,0,0
1781866662.161201,0.00158215,-0.0987073,-0.995115,0,0,1,0.0401017,0.616041,1,0.0401017,0.616041,41,3408,0.0120305,0,0
1781866662.211609,-0.0122572,-0.0574303,-0.998274,0,0,1,0.039276,0.61571,1,0.039276,0.61571,46,3904,0.0117828,0,0
1781866662.361647,-0.0389153,-0.0373742,-0.998544,0,0,1,0.0471953,0.618878,1,0.0471953,0.618878,70,4944,0.0141586,0,0
1781866662.411635,-0.0403572,-0.0421594,-0.998296,0,0,1,0.0480226,0.619209,1,0.0480226,0.619209,68,4720,0.0144068,0,0
1781866662.462048,-0.0286974,-0.0539765,-0.99813,0,0,1,0.0473802,0.618952,1,0.0473802,0.618952,68,4784,0.014214,0,0
1781866662.512066,-0.00987849,-0.0538042,-0.998503,0,0,1,0.0453154,0.618126,1,0.0453154,0.618126,77,5664,0.0135946,0,0
1781866662.562098,0.000818182,-0.0617772,-0.998089,0,0,1,0.056516,0.622606,1,0.056516,0.622606,102,6016,0.0169548,0,0
1781866662.612075,0.000507053,-0.0704484,-0.997515,0,0,1,0.045591,0.618236,1,0.045591,0.618236,79,5776,0.0136773,0,0
1781866662.662117,-0.0166983,-0.0679265,-0.997551,0,0,1,0.0438596,0.617544,1,0.0438596,0.617544,80,6080,0.0131579,0,0
1781866662.712075,0.046382,-0.11898,-0.991813,0,0,1,0.0514139,0.620566,1,0.0514139,0.620566,96,6224,0.0154242,0,0
1781866662.762475,0.0828513,-0.157829,-0.983984,0,0,1,0.0607639,0.624306,1,0.0607639,0.624306,140,7680,0.0182292,0,0
1781866662.812477,0.118693,-0.191061,-0.974376,0,0,1,0.0579672,0.623187,1,0.0579672,0.623187,133,7648,0.0173902,0,0
1781866662.862468,0.11126,-0.160586,-0.980731,0,0,1,0.0697245,0.62789,1,0.0697245,0.62789,166,7936,0.0209173,0,0
1781866662.912102,0.104868,-0.195703,-0.97504,0,0,1,0.0778741,0.63115,1,0.0778741,0.63115,194,8304,0.0233622,0,0
1781866662.962092,0.035943,-0.111851,-0.993075,0,0,1,0.0774182,0.630967,1,0.0774182,0.630967,178,7664,0.0232255,0,0
1781866663.112106,0.132778,-0.262213,-0.955832,0,0,1,0.0928875,0.637155,1,0.0928875,0.637155,210,7536,0.0278662,0,0
1781866663.161727,0.152331,-0.295631,-0.943079,0,0,1,0.0858333,0.634333,1,0.0858333,0.634333,206,8000,0.02575,0,0
1781866663.211755,0.185009,-0.345352,-0.920057,0,0,1,0.0749669,0.629987,1,0.0749669,0.629987,181,8048,0.0224901,0,0
1781866663.261730,0.212941,-0.383393,-0.898703,0,0,1,0.0744382,0.629775,1,0.0744382,0.629775,159,7120,0.0223315,0,0
1781866663.311363,0.197413,-0.340841,-0.91916,0,0,1,0.0823171,0.632927,1,0.0823171,0.632927,162,6560,0.0246951,0,0
1781866663.361339,0.2229,-0.392605,-0.892287,0,0,1,0.0890262,0.63561,1,0.0890262,0.63561,147,5504,0.0267078,0,0
1781866663.411364,0.240634,-0.434894,-0.867734,0,0,1,0.0868056,0.634722,1,0.0868056,0.634722,135,5184,0.0260417,0,0
1781866663.461354,0.24313,-0.474789,-0.845851,0,0,1,0.0793322,0.631733,1,0.0793322,0.631733,115,4832,0.0237997,0,0
1781866663.511363,0.259089,-0.50401,-0.823922,0,0,1,0.0930851,0.637234,1,0.0930851,0.637234,126,4512,0.0279255,0,0
1781866663.561399,0.275519,-0.55058,-0.788005,0,0,1,0.0839552,0.633582,1,0.0839552,0.633582,108,4288,0.0251866,0,0
1781866663.611379,0.0985378,-0.311223,-0.945215,0,0,1,0.0885628,0.635425,1,0.0885628,0.635425,105,3952,0.0265688,0,0
1781866663.661782,0.0457749,-0.133303,-0.990018,0,0,1,0.0816052,0.632642,1,0.0816052,0.632642,85,3472,0.0244816,0,0
1781866663.711869,0.0294856,-0.0733013,-0.996874,0,0,1,0.0827352,0.633094,1,0.0827352,0.633094,83,3344,0.0248206,0,0
1781866663.812204,0.072403,-0.166959,-0.983302,0,0,1,0.0788955,0.631558,1,0.0788955,0.631558,64,2704,0.0236686,0,0
1781866664.062226,0.358233,-0.594237,-0.720105,0,0,1,0.0961538,0.638462,1,0.0961538,0.638462,24,832,0.0288462,0,0
1781866664.112264,0.274038,-0.513341,-0.813256,0,0,1,0.094697,0.637879,1,0.094697,0.637879,25,880,0.0284091,0,0
1781866664.161846,0.270916,-0.545908,-0.792836,0,0,1,0.099359,0.639744,1,0.099359,0.639744,31,1040,0.0298077,0,0
1781866664.211466,0.29042,-0.614119,-0.733835,0,0,1,0.125,0.65,1,0.125,0.65,39,1040,0.0375,0,0
1781866664.261051,0.264759,-0.640412,-0.720954,0,0,1,0,0.6,1,0,0.6,15,1088,0.0137868,0,0
1781866664.311064,0.251055,-0.624477,-0.739595,0,0,1,0,0.6,1,0,0.6,14,992,0.0141129,0,0
1781866664.361085,0.223976,-0.609384,-0.760583,0,0,1,0,0.6,1,0,0.6,6,752,0.00797872,0,0
1781866664.410688,0.0372527,0.523865,-0.850986,0,0,1,0,0.6,1,0,0.6,7,752,0.00930851,0,0
1781866664.460668,-0.0150898,0.644169,-0.764735,0,0,1,0,0.6,1,0,0.6,7,592,0.0118243,0,0
1781866664.510696,0.0320118,0.537576,-0.842607,0,0,1,0,0.6,1,0,0.6,10,864,0.0115741,0,0
1781866664.610695,0.00101402,-0.254122,-0.967172,0,0,1,0.0822368,0.632895,1,0.0822368,0.632895,30,1216,0.0246711,0,0
1781866664.661114,-0.0116041,-0.177295,-0.98409,0,0,1,0.0913743,0.63655,1,0.0913743,0.63655,50,1824,0.0274123,0,0
1781866664.711130,0.00665514,-0.159904,-0.98711,0,0,1,0.103193,0.641277,1,0.103193,0.641277,53,1712,0.0309579,0,0
1781866664.911839,0.0894124,-0.378733,-0.921177,0,0,1,0.0820312,0.632812,1,0.0820312,0.632812,63,2560,0.0246094,0,0
1781866664.961555,0.0843674,-0.401109,-0.912137,0,0,1,0.0909475,0.636379,1,0.0909475,0.636379,86,3152,0.0272843,0,0
1781866665.011554,0.100965,-0.462369,-0.880921,0,0,1,0.0898318,0.635933,1,0.0898318,0.635933,94,3488,0.0269495,0,0
1781866665.061657,0.134878,-0.49603,-0.857766,0,0,1,0.0831229,0.633249,1,0.0831229,0.633249,79,3168,0.0249369,0,0
1781866665.111571,0.170225,-0.542263,-0.822785,0,0,1,0.0831281,0.633251,1,0.0831281,0.633251,81,3248,0.0249384,0,0
1781866665.161563,0.198456,-0.573648,-0.794698,0,0,1,0.0793651,0.631746,1,0.0793651,0.631746,72,3024,0.0238095,0,0
1781866665.211577,0.22997,-0.614,-0.755062,0,0,1,0.0735904,0.629436,1,0.0735904,0.629436,71,3216,0.0220771,0,0
1781866665.261598,0.275619,-0.647077,-0.710862,0,0,1,0.0875,0.635,1,0.0875,0.635,84,3200,0.02625,0,0
1781866665.311991,0.282536,-0.647471,-0.707782,0,0,1,0.0348985,0.613959,1,0.0348985,0.613959,33,3152,0.0104695,0,0
1781866665.411739,0.256854,-0.430059,-0.865491,0,0,1,0.0778388,0.631136,1,0.0778388,0.631136,34,1456,0.0233516,0,0
1781866665.461665,0.249619,-0.380296,-0.890542,0,0,1,0.109722,0.643889,1,0.109722,0.643889,79,2400,0.0329167,0,0
1781866665.511635,0.207079,-0.269496,-0.940473,0,0,1,0.127096,0.650839,1,0.127096,0.650839,97,2544,0.0381289,0,0
1781866665.561641,0.154132,-0.159265,-0.97513,0,0,1,0.126302,0.650521,1,0.126302,0.650521,97,2560,0.0378906,0,0
1781866665.762058,0.339222,-0.287601,-0.895664,0,0,1,0.0860092,0.634404,1,0.0860092,0.634404,45,1744,0.0258028,0,0
1781866665.812153,0.344652,-0.291,-0.892488,0,0,1,0.132484,0.652994,1,0.132484,0.652994,131,3296,0.0397451,0,0
1781866665.862081,0.386781,-0.328211,-0.861788,0,0,1,0.12293,0.649172,1,0.12293,0.649172,95,2576,0.0368789,0,0
1781866665.912061,0.403082,-0.344254,-0.847947,0,0,1,0.127924,0.65117,1,0.127924,0.65117,105,2736,0.0383772,0,0
1781866665.962080,0.404125,-0.352662,-0.843986,0,0,1,0.106293,0.642517,1,0.106293,0.642517,75,2352,0.0318878,0,0
1781866666.012106,0.477273,-0.411051,-0.77669,0,0,1,0.108762,0.643505,1,0.108762,0.643505,71,2176,0.0326287,0,0
1781866666.062110,0.510382,-0.439871,-0.738935,0,0,1,0.130952,0.652381,1,0.130952,0.652381,110,2800,0.0392857,0,0
1781866666.112081,0.531424,-0.461821,-0.710147,0,0,1,0.142379,0.656951,1,0.142379,0.656951,136,3184,0.0427136,0,0
1781866666.162083,0.517808,-0.453217,-0.725582,0,0,1,0,0.6,1,0,0.6,16,3136,0.00510204,0,0
1781866666.212127,0.506003,-0.457688,-0.731084,0,0,1,0,0.6,1,0,0.6,15,2144,0.00699627,0,0
1781866666.262119,0.290457,-0.313134,-0.904202,0,0,1,0.147493,0.658997,1,0.147493,0.658997,80,1808,0.0442478,0,0
1781866666.313007,0.154247,-0.181106,-0.971292,0,0,1,0.145997,0.658399,1,0.145997,0.658399,89,2032,0.0437992,0,0
1781866666.362128,0.118504,-0.116757,-0.986066,0,0,1,0.11763,0.647052,1,0.11763,0.647052,83,2352,0.0352891,0,0
1781866666.412156,0.057025,-0.0908618,-0.99423,0,0,1,0.126134,0.650454,1,0.126134,0.650454,89,2352,0.0378401,0,0
1781866666.612482,0.23549,-0.354201,-0.905034,0,0,1,0.108025,0.64321,1,0.108025,0.64321,70,2160,0.0324074,0,0
1781866666.662187,0.281746,-0.418987,-0.863174,0,0,1,0.108507,0.643403,1,0.108507,0.643403,75,2304,0.0325521,0,0
1781866666.712195,0.325393,-0.505948,-0.798834,0,0,1,0.0858671,0.634347,1,0.0858671,0.634347,61,2368,0.0257601,0,0
1781866666.762489,0.347987,-0.554415,-0.755995,0,0,1,0.0914634,0.636585,1,0.0914634,0.636585,72,2624,0.027439,0,0
1781866666.812317,0.39505,-0.562937,-0.725974,0,0,1,0.0371169,0.614847,1,0.0371169,0.614847,31,2784,0.0111351,0,0
1781866666.912395,0.412314,-0.561343,-0.717559,0,0,1,0.0315657,0.612626,1,0.0315657,0.612626,20,2112,0.0094697,0,0
1781866667.011814,-0.196199,0.337357,-0.920705,0,0,1,0,0.6,1,0,0.6,16,1680,0.00952381,0,0
1781866667.061831,-0.388548,0.553794,-0.736439,0,0,1,0,0.6,1,0,0.6,18,1488,0.0120968,0,0
1781866667.111436,0.19242,-0.455159,-0.86937,0,0,1,0.0654762,0.62619,1,0.0654762,0.62619,33,1680,0.0196429,0,0
1781866667.161216,-0.0409344,0.00102775,-0.999161,0,0,1,0.0454545,0.618182,1,0.0454545,0.618182,24,1760,0.0136364,0,0
1781866667.210661,0.106651,-0.263889,-0.958639,0,0,1,0,0.6,1,0,0.6,17,1264,0.0134494,0,0
1781866667.260632,0.0349402,-0.085845,-0.995696,0,0,1,0.075,0.63,1,0.075,0.63,117,5200,0.0225,0,0
1781866667.461072,0.212933,-0.284965,-0.934588,0,0,1,0.0520833,0.620833,1,0.0520833,0.620833,46,2944,0.015625,0,0
1781866667.510679,0.244232,-0.325501,-0.913455,0,0,1,0.0534326,0.621373,1,0.0534326,0.621373,99,6176,0.0160298,0,0
1781866667.560710,0.337371,-0.435641,-0.834504,0,0,1,0.069113,0.627645,1,0.069113,0.627645,139,6704,0.0207339,0,0
1781866667.611142,0.369719,-0.482853,-0.793827,0,0,1,0.092458,0.636983,1,0.092458,0.636983,229,8256,0.0277374,0,0
1781866667.661106,0.411445,-0.519372,-0.748976,0,0,1,0.10501,0.642004,1,0.10501,0.642004,249,7904,0.031503,0,0
1781866667.711715,0.383264,-0.490792,-0.782453,0,0,1,0.0209591,0.608384,1,0.0209591,0.608384,50,7952,0.00628773,0,0
1781866667.761512,0.46843,-0.47299,-0.746226,0,0,1,0.0265625,0.610625,1,0.0265625,0.610625,51,6400,0.00796875,0,0
1781866667.812159,0.45909,-0.480104,-0.747487,0,0,1,0.0180334,0.607213,1,0.0180334,0.607213,38,7024,0.00541002,0,0
1781866667.861925,0.39685,-0.452384,-0.798661,0,0,1,0.0217136,0.608685,1,0.0217136,0.608685,37,5680,0.00651408,0,0
1781866667.912301,0.355902,-0.453735,-0.816981,0,0,1,0.0321062,0.612842,1,0.0321062,0.612842,45,4672,0.00963185,0,0
1781866667.961933,0.4298,-0.354107,-0.830591,0,0,1,0.0613762,0.62455,1,0.0613762,0.62455,71,3856,0.0184129,0,0
1781866668.012388,0.422137,-0.27876,-0.862608,0,0,1,0.0876824,0.635073,1,0.0876824,0.635073,125,4752,0.0263047,0,0
1781866668.062739,0.384588,-0.201582,-0.900809,0,0,1,0.101057,0.640423,1,0.101057,0.640423,130,4288,0.0303172,0,0
1781866668.212380,0.627415,-0.193994,-0.754133,0,0,1,0.0818452,0.632738,1,0.0818452,0.632738,33,1344,0.0245536,0,0
1781866668.262365,0.663093,-0.172444,-0.728403,0,0,1,0.128284,0.651314,1,0.128284,0.651314,125,3248,0.0384852,0,0
1781866668.311986,0.687689,-0.132052,-0.713895,0,0,1,0,0.6,1,0,0.6,16,2592,0.00617284,0,0
1781866668.411210,0.0142526,-0.0139171,-0.999802,0,0,1,0,0.6,1,0,0.6,15,1024,0.0146484,0,0
1781866668.460835,-0.017093,0.0325637,-0.999324,0,0,1,0.0490196,0.619608,1,0.0490196,0.619608,20,1360,0.0147059,0,0
1781866668.510381,0.126588,0.0158982,-0.991828,0,0,1,0.0535168,0.621407,1,0.0535168,0.621407,28,1744,0.016055,0,0
1781866668.560018,0.253915,0.00160981,-0.967225,0,0,1,0.0616497,0.62466,1,0.0616497,0.62466,29,1568,0.0184949,0,0
1781866668.609608,0.283468,0.028546,-0.958557,0,0,1,0.0460526,0.618421,1,0.0460526,0.618421,21,1520,0.0138158,0,0
1781866668.659626,0.459539,-0.00153516,-0.888156,0,0,1,0.0467687,0.618707,1,0.0467687,0.618707,22,1568,0.0140306,0,0
1781866668.709638,-0.228993,0.230326,-0.945787,0,0,1,0,0.6,1,0,0.6,19,1360,0.0139706,0,0
1781866668.759250,-0.455517,0.294595,-0.84007,0,0,1,0,0.6,1,0,0.6,19,1376,0.0138081,0,0
1781866668.909251,0.0368985,-0.0322272,-0.998799,0,0,1,0.0703829,0.628153,1,0.0703829,0.628153,25,1184,0.0211149,0,0
1781866669.160486,0.437511,-0.214905,-0.873155,0,0,1,0.0918079,0.636723,1,0.0918079,0.636723,26,944,0.0275424,0,0
1781866669.211356,0.42842,-0.185513,-0.884331,0,0,1,0.158228,0.663291,1,0.158228,0.663291,60,1264,0.0474684,0,0
1781866669.261321,0.468322,-0.183432,-0.864308,0,0,1,0.149898,0.659959,1,0.149898,0.659959,59,1312,0.0449695,0,0
1781866669.311298,0.508776,-0.186504,-0.840454,0,0,1,0.146073,0.658429,1,0.146073,0.658429,61,1392,0.0438218,0,0
1781866669.361714,0.562794,-0.208309,-0.799919,0,0,1,0.116567,0.646627,1,0.116567,0.646627,47,1344,0.0349702,0,0
1781866669.411741,0.607244,-0.231906,-0.759917,0,0,1,0.132114,0.652846,1,0.132114,0.652846,52,1312,0.0396341,0,0
1781866669.461340,0.645811,-0.238786,-0.725196,0,0,1,0.109375,0.64375,1,0.109375,0.64375,42,1280,0.0328125,0,0
1781866669.561329,0.204865,-0.174051,-0.963191,0,0,1,0,0.6,1,0,0.6,7,336,0.0208333,0,0
1781866669.611342,0.247524,-0.136073,-0.959279,0,0,1,0,0.6,1,0,0.6,9,432,0.0208333,0,0
1781866669.661355,-0.431312,0.166965,-0.886619,0,0,1,0,0.6,1,0,0.6,9,560,0.0160714,0,0
1781866669.711354,-0.437048,0.119777,-0.891427,0,0,1,0,0.6,1,0,0.6,16,608,0.0263158,0,0
1781866669.761419,-0.384297,0.0712067,-0.920459,0,0,1,0,0.6,1,0,0.6,12,816,0.0147059,0,0
1781866669.911706,0.436657,-0.0395115,-0.89876,0,0,1,0,0.6,1,0,0.6,19,1344,0.0141369,0,0
1781866669.961043,0.673602,-0.0212053,-0.73879,0,0,1,0.0604839,0.624194,1,0.0604839,0.624194,36,1984,0.0181452,0,0
1781866670.011089,0.683063,-0.0156937,-0.73019,0,0,1,0,0.6,1,0,0.6,8,1408,0.00568182,0,0
1781866670.111402,0.417503,-0.151571,-0.895945,0,0,1,0.0390625,0.615625,1,0.0390625,0.615625,21,1792,0.0117188,0,0
1781866670.161395,0.398237,-0.244513,-0.884094,0,0,1,0.0387597,0.615504,1,0.0387597,0.615504,32,2752,0.0116279,0,0
1781866670.211436,0.476154,-0.239558,-0.846103,0,0,1,0.0440705,0.617628,1,0.0440705,0.617628,33,2496,0.0132212,0,0
1781866670.261435,0.561574,-0.177233,-0.808222,0,0,1,0.0464628,0.618585,1,0.0464628,0.618585,31,2224,0.0139388,0,0
1781866670.311854,0.654492,-0.158421,-0.739285,0,0,1,0.0451389,0.618056,1,0.0451389,0.618056,26,1920,0.0135417,0,0
1781866670.361876,0.671874,-0.150203,-0.725276,0,0,1,0,0.6,1,0,0.6,16,1584,0.010101,0,0
1781866670.411990,0.490409,0.284224,-0.823842,0,0,1,0.123106,0.649242,1,0.123106,0.649242,52,1408,0.0369318,0,0
1781866670.462265,0.422558,0.297127,-0.856248,0,0,1,0.14678,0.658712,1,0.14678,0.658712,124,2816,0.0440341,0,0
1781866670.512261,0.324546,0.255989,-0.910572,0,0,1,0.142857,0.657143,1,0.142857,0.657143,120,2800,0.0428571,0,0
1781866670.562260,0.234282,0.194608,-0.952491,0,0,1,0.134875,0.65395,1,0.134875,0.65395,112,2768,0.0404624,0,0
1781866670.712690,0.389906,0.309221,-0.867385,0,0,1,0.141086,0.656435,1,0.141086,0.656435,107,2528,0.0423259,0,0
1781866670.762284,0.42908,0.350036,-0.832686,0,0,1,0.137387,0.654955,1,0.137387,0.654955,122,2960,0.0412162,0,0
1781866670.812378,0.471444,0.387495,-0.792205,0,0,1,0.138889,0.655556,1,0.138889,0.655556,124,2976,0.0416667,0,0
1781866670.862077,0.514996,0.414979,-0.750048,0,0,1,0.137692,0.655077,1,0.137692,0.655077,115,2784,0.0413075,0,0
1781866670.917785,0.544504,0.441233,-0.713322,0,0,1,0.128493,0.651397,1,0.128493,0.651397,103,2672,0.0385479,0,0
1781866670.961531,0.509291,0.411846,-0.75565,0,0,1,0.0337187,0.613487,1,0.0337187,0.613487,28,2768,0.0101156,0,0
1781866671.061146,-0.170009,-0.0379804,-0.98471,0,0,1,0,0.6,1,0,0.6,17,1744,0.00974771,0,0
1781866671.110779,-0.465025,-0.15644,-0.871366,0,0,1,0.0400641,0.616026,1,0.0400641,0.616026,20,1664,0.0120192,0,0
1781866671.160740,-0.443676,-0.0912238,-0.891532,0,0,1,0.0396006,0.61584,1,0.0396006,0.61584,23,1936,0.0118802,0,0
1781866671.210799,0.351494,0.241502,-0.904504,0,0,1,0.0660066,0.626403,1,0.0660066,0.626403,32,1616,0.019802,0,0
1781866671.260750,0.189756,0.152106,-0.969978,0,0,1,0.110497,0.644199,1,0.110497,0.644199,96,2896,0.0331492,0,0
1781866671.310808,0.0248811,0.0342388,-0.999104,0,0,1,0.102496,0.640998,1,0.102496,0.640998,92,2992,0.0307487,0,0
1781866671.460794,0.171155,0.120406,-0.977859,0,0,1,0.102912,0.641165,1,0.102912,0.641165,82,2656,0.0308735,0,0
1781866671.510819,0.229159,0.156957,-0.960652,0,0,1,0.111246,0.644498,1,0.111246,0.644498,110,3296,0.0333738,0,0
1781866671.560770,0.283702,0.18643,-0.940615,0,0,1,0.102802,0.641121,1,0.102802,0.641121,113,3664,0.0308406,0,0
1781866671.610789,0.316258,0.205422,-0.926166,0,0,1,0.111057,0.644423,1,0.111057,0.644423,137,4112,0.0333171,0,0
1781866671.660805,0.341606,0.225453,-0.912402,0,0,1,0.0999385,0.639975,1,0.0999385,0.639975,130,4336,0.0299815,0,0
1781866671.710821,0.395679,0.233974,-0.888085,0,0,1,0.118333,0.647333,1,0.118333,0.647333,142,4000,0.0355,0,0
1781866671.760832,0.442469,0.250525,-0.86108,0,0,1,0.123217,0.649287,1,0.123217,0.649287,152,4112,0.036965,0,0
1781866671.811228,0.439199,0.241622,-0.865289,0,0,1,0.105757,0.642303,1,0.105757,0.642303,133,4192,0.0317271,0,0
1781866671.861222,0.50014,0.262521,-0.825192,0,0,1,0.0857257,0.63429,1,0.0857257,0.63429,86,3344,0.0257177,0,0
1781866671.911250,0.519841,0.290822,-0.803236,0,0,1,0.0640191,0.625608,1,0.0640191,0.625608,59,3072,0.0192057,0,0
1781866671.961217,0.406362,0.176286,-0.896546,0,0,1,0.0707364,0.628295,1,0.0707364,0.628295,73,3440,0.0212209,0,0
1781866672.011256,0.25927,0.109303,-0.9596,0,0,1,0.0444162,0.617766,1,0.0444162,0.617766,42,3152,0.0133249,0,0
1781866672.061250,0.0823416,0.0344979,-0.996007,0,0,1,0.0353107,0.614124,1,0.0353107,0.614124,30,2832,0.0105932,0,0
1781866672.111277,-0.100604,-0.0158266,-0.994801,0,0,1,0.0423934,0.616957,1,0.0423934,0.616957,35,2752,0.012718,0,0
1781866672.311281,0.257021,0.158617,-0.9533,0,0,1,0.0362319,0.614493,1,0.0362319,0.614493,32,2944,0.0108696,0,0
1781866672.361703,0.313843,0.185275,-0.931223,0,0,1,0.0659722,0.626389,1,0.0659722,0.626389,171,8640,0.0197917,0,0
1781866672.412078,0.356483,0.214747,-0.909288,0,0,1,0.0637406,0.625496,1,0.0637406,0.625496,149,7792,0.0191222,0,0
1781866672.461715,0.415574,0.233455,-0.879088,0,0,1,0.0604976,0.624199,1,0.0604976,0.624199,142,7824,0.0181493,0,0
1781866672.511807,0.424268,0.220642,-0.878245,0,0,1,0.062314,0.624926,1,0.062314,0.624926,134,7168,0.0186942,0,0
1781866672.561695,0.484515,0.232655,-0.843277,0,0,1,0.0547235,0.621889,1,0.0547235,0.621889,114,6944,0.0164171,0,0
1781866672.611841,0.548344,0.265925,-0.792845,0,0,1,0.0462963,0.618519,1,0.0462963,0.618519,92,6624,0.0138889,0,0
1781866672.661736,0.682496,0.154159,-0.714447,0,0,1,0.0348101,0.613924,1,0.0348101,0.613924,66,6320,0.010443,0,0
1781866672.761728,-0.0605106,0.0266844,-0.997811,0,0,1,0.0328492,0.61314,1,0.0328492,0.61314,38,3856,0.00985477,0,0
1781866672.811771,-0.175301,-0.0729637,-0.981808,0,0,1,0.0352961,0.614118,1,0.0352961,0.614118,41,3872,0.0105888,0,0
1781866672.861739,-0.372161,-0.0661309,-0.925809,0,0,1,0.0407986,0.616319,1,0.0407986,0.616319,47,3840,0.0122396,0,0
1781866672.911750,-0.555699,-0.0225225,-0.831079,0,0,1,0.0399926,0.615997,1,0.0399926,0.615997,43,3584,0.0119978,0,0
1781866673.011517,-0.687186,0.0519671,-0.724621,0,0,1,0.0424208,0.616968,1,0.0424208,0.616968,45,3536,0.0127262,0,0
1781866673.211648,-0.688527,0.0649776,-0.722294,0,0,1,0.0456774,0.618271,1,0.0456774,0.618271,41,2992,0.0137032,0,0
1781866673.261439,-0.60818,0.00561862,-0.793779,0,0,1,0.0453431,0.618137,1,0.0453431,0.618137,37,2720,0.0136029,0,0
1781866673.311637,-0.6018,0.0284544,-0.79814,0,0,1,0.0505424,0.620217,1,0.0505424,0.620217,41,2704,0.0151627,0,0
1781866673.361428,0.355044,0.0746082,-0.931868,0,0,1,0.0504658,0.620186,1,0.0504658,0.620186,39,2576,0.0151398,0,0
1781866673.411932,0.428494,0.0755548,-0.90038,0,0,1,0.102459,0.640984,1,0.102459,0.640984,90,2928,0.0307377,0,0
1781866673.461553,0.471898,0.0785343,-0.878148,0,0,1,0.0975177,0.639007,1,0.0975177,0.639007,88,3008,0.0292553,0,0
1781866673.511782,0.517629,0.0714233,-0.852619,0,0,1,0.0973866,0.638955,1,0.0973866,0.638955,79,2704,0.029216,0,0
1781866673.561457,0.565955,0.076305,-0.820897,0,0,1,0.101289,0.640516,1,0.101289,0.640516,88,2896,0.0303867,0,0
1781866673.611483,0.598712,0.0738418,-0.797553,0,0,1,0.10479,0.641916,1,0.10479,0.641916,84,2672,0.0314371,0,0
1781866673.661502,0.651363,0.0774867,-0.7548,0,0,1,0.108333,0.643333,1,0.108333,0.643333,91,2800,0.0325,0,0
1781866673.711462,0.311493,-0.011033,-0.950184,0,0,1,0.112645,0.645058,1,0.112645,0.645058,93,2752,0.0337936,0,0
1781866673.761854,0.213794,-0.00236258,-0.976876,0,0,1,0.116717,0.646687,1,0.116717,0.646687,93,2656,0.0350151,0,0
1781866673.811925,0.19546,-0.0265776,-0.980352,0,0,1,0.104806,0.641922,1,0.104806,0.641922,82,2608,0.0314417,0,0
1781866673.911477,0.191294,-0.0377276,-0.980808,0,0,1,0.116667,0.646667,1,0.116667,0.646667,98,2800,0.035,0,0
1781866674.211954,0.594345,-0.110848,-0.796534,0,0,1,0.137411,0.654965,1,0.137411,0.654965,93,2256,0.0412234,0,0
1781866674.261546,0.662805,-0.123695,-0.738505,0,0,1,0.130814,0.652326,1,0.130814,0.652326,135,3440,0.0392442,0,0
1781866674.411135,0.270162,0.0128,-0.96273,0,0,1,0,0.6,1,0,0.6,9,1424,0.00632022,0,0
1781866674.461172,0.460515,-0.0555603,-0.885911,0,0,1,0,0.6,1,0,0.6,15,1904,0.00787815,0,0
1781866674.511681,-0.168146,0.0980668,-0.980872,0,0,1,0,0.6,1,0,0.6,15,2016,0.00744048,0,0
1781866674.561615,0.0855334,0.0568829,-0.99471,0,0,1,0,0.6,1,0,0.6,13,1232,0.0105519,0,0
1781866674.611595,0.639181,-0.137967,-0.75658,0,0,1,0,0.6,1,0,0.6,13,1312,0.00990854,0,0
1781866674.711627,-0.395229,0.124969,-0.910042,0,0,1,0,0.6,1,0,0.6,19,1280,0.0148437,0,0
1781866674.761603,-0.434959,0.242388,-0.867214,0,0,1,0,0.6,1,0,0.6,15,1216,0.0123355,0,0
1781866674.811638,-0.399015,0.33676,-0.852866,0,0,1,0.0480769,0.619231,1,0.0480769,0.619231,21,1456,0.0144231,0,0
1781866674.962006,-0.516451,0.403296,-0.755402,0,0,1,0.0447427,0.617897,1,0.0447427,0.617897,32,2384,0.0134228,0,0
1781866675.012436,-0.497681,0.392001,-0.773724,0,0,1,0.0540123,0.621605,1,0.0540123,0.621605,35,2160,0.0162037,0,0
1781866675.062431,-0.450181,0.365337,-0.814779,0,0,1,0.0535301,0.621412,1,0.0535301,0.621412,37,2304,0.016059,0,0
1781866675.112850,-0.377639,0.341055,-0.860855,0,0,1,0.0481859,0.619274,1,0.0481859,0.619274,34,2352,0.0144558,0,0
1781866675.162492,-0.347695,0.343408,-0.872456,0,0,1,0.0503813,0.620153,1,0.0503813,0.620153,37,2448,0.0151144,0,0
1781866675.212430,-0.204567,0.300163,-0.931695,0,0,1,0.0553385,0.622135,1,0.0553385,0.622135,34,2048,0.0166016,0,0
1781866675.262443,-0.166919,0.269885,-0.948314,0,0,1,0.0398936,0.615957,1,0.0398936,0.615957,27,2256,0.0119681,0,0
1781866675.312083,-0.296066,0.300288,-0.906737,0,0,1,0.0384425,0.615377,1,0.0384425,0.615377,31,2688,0.0115327,0,0
1781866675.362081,-0.194229,0.278894,-0.940475,0,0,1,0.0375259,0.61501,1,0.0375259,0.61501,29,2576,0.0112578,0,0
1781866675.411724,0.00887933,0.157741,-0.987441,0,0,1,0.0389194,0.615568,1,0.0389194,0.615568,34,2912,0.0116758,0,0
1781866675.461367,-0.272349,0.586472,-0.762809,0,0,1,0.0269486,0.610779,1,0.0269486,0.610779,26,3216,0.00808458,0,0
1781866675.510585,-0.316661,0.477427,-0.819628,0,0,1,0.0447342,0.617894,1,0.0447342,0.617894,35,2608,0.0134202,0,0
1781866675.560075,0.189534,-0.186459,-0.964007,0,0,1,0.0377604,0.615104,1,0.0377604,0.615104,29,2560,0.0113281,0,0
1781866675.609690,0.145299,-0.133825,-0.980295,0,0,1,0.10929,0.643716,1,0.10929,0.643716,96,2928,0.0327869,0,0
1781866675.808900,0.285564,-0.254218,-0.924027,0,0,1,0.100524,0.64021,1,0.100524,0.64021,69,2288,0.0301573,0,0
1781866675.858510,0.343364,-0.301436,-0.889516,0,0,1,0.0873253,0.63493,1,0.0873253,0.63493,70,2672,0.0261976,0,0
1781866675.908552,0.369656,-0.34127,-0.864228,0,0,1,0.0828313,0.633133,1,0.0828313,0.633133,66,2656,0.0248494,0,0
1781866675.958552,0.446243,-0.404116,-0.798472,0,0,1,0.0823917,0.632957,1,0.0823917,0.632957,70,2832,0.0247175,0,0
1781866676.008964,0.476929,-0.438249,-0.76189,0,0,1,0.0758605,0.630344,1,0.0758605,0.630344,67,2944,0.0227582,0,0
1781866676.058962,0.51339,-0.483308,-0.709115,0,0,1,0.0737847,0.629514,1,0.0737847,0.629514,68,3072,0.0221354,0,0
1781866676.159732,0.4781,-0.507646,-0.71674,0,0,1,0.0662879,0.626515,1,0.0662879,0.626515,42,2112,0.0198864,0,0
1781866676.259805,-0.0339341,0.0166561,-0.999285,0,0,1,0,0.6,1,0,0.6,17,1808,0.00940265,0,0
1781866676.310163,0.325211,-0.360346,-0.874293,0,0,1,0.0700935,0.628037,1,0.0700935,0.628037,36,1712,0.021028,0,0
1781866676.360232,0.169475,-0.228378,-0.958709,0,0,1,0.0787815,0.631513,1,0.0787815,0.631513,90,3808,0.0236345,0,0
1781866676.410264,0.151853,-0.173369,-0.97308,0,0,1,0.0724206,0.628968,1,0.0724206,0.628968,73,3360,0.0217262,0,0
1781866676.510599,0.177357,-0.1218,-0.97658,0,0,1,0.0486111,0.619444,1,0.0486111,0.619444,42,2880,0.0145833,0,0
1781866676.761046,0.234972,-0.146724,-0.960864,0,0,1,0.0340347,0.613614,1,0.0340347,0.613614,33,3232,0.0102104,0,0
1781866676.811574,0.248837,-0.200722,-0.947518,0,0,1,0.0336608,0.613464,1,0.0336608,0.613464,37,3664,0.0100983,0,0
1781866676.861441,0.266028,-0.201503,-0.94267,0,0,1,0.0385071,0.615403,1,0.0385071,0.615403,39,3376,0.0115521,0,0
1781866676.911621,0.343943,-0.287265,-0.89397,0,0,1,0.0347222,0.613889,1,0.0347222,0.613889,32,3072,0.0104167,0,0
1781866676.961450,0.347799,-0.256657,-0.901756,0,0,1,0.0402462,0.616098,1,0.0402462,0.616098,34,2816,0.0120739,0,0
1781866677.011711,0.345384,-0.251692,-0.90408,0,0,1,0.035126,0.61405,1,0.035126,0.61405,29,2752,0.0105378,0,0
1781866677.061871,0.424574,-0.243028,-0.872167,0,0,1,0.0368324,0.614733,1,0.0368324,0.614733,32,2896,0.0110497,0,0
1781866677.111906,0.427394,-0.215057,-0.878115,0,0,1,0.0358073,0.614323,1,0.0358073,0.614323,33,3072,0.0107422,0,0
1781866677.161884,0.480745,-0.247625,-0.841169,0,0,1,0.0379721,0.615189,1,0.0379721,0.615189,37,3248,0.0113916,0,0
1781866677.212038,0.540399,-0.316798,-0.779493,0,0,1,0.0427632,0.617105,1,0.0427632,0.617105,39,3040,0.0128289,0,0
1781866677.261537,0.0489863,0.00758544,-0.998771,0,0,1,0.0477188,0.619088,1,0.0477188,0.619088,41,2864,0.0143156,0,0
1781866677.311765,-0.0137383,0.0797959,-0.996717,0,0,1,0.0430254,0.61721,1,0.0430254,0.61721,38,2944,0.0129076,0,0
1781866677.363247,-0.205699,0.270863,-0.940384,0,0,1,0.0473485,0.618939,1,0.0473485,0.618939,30,2112,0.0142045,0,0
1781866677.461255,-0.322416,0.415987,-0.850296,0,0,1,0.0566343,0.622654,1,0.0566343,0.622654,28,1648,0.0169903,0,0
1781866677.710767,-0.320651,0.410986,-0.853389,0,0,1,0,0.6,1,0,0.6,18,992,0.0181452,0,0
1781866677.760369,-0.299018,0.395569,-0.868397,0,0,1,0.0870647,0.634826,1,0.0870647,0.634826,28,1072,0.0261194,0,0
1781866677.810422,-0.316265,0.402289,-0.859151,0,0,1,0.082672,0.633069,1,0.082672,0.633069,25,1008,0.0248016,0,0
1781866677.860373,-0.319112,0.39177,-0.86295,0,0,1,0.0827206,0.633088,1,0.0827206,0.633088,27,1088,0.0248162,0,0
1781866677.910412,-0.301045,0.389051,-0.870639,0,0,1,0.0810185,0.632407,1,0.0810185,0.632407,28,1152,0.0243056,0,0
1781866677.960426,-0.289701,0.389377,-0.874333,0,0,1,0.0907258,0.63629,1,0.0907258,0.63629,27,992,0.0272177,0,0
1781866678.011342,-0.306185,0.394013,-0.866605,0,0,1,0.0819672,0.632787,1,0.0819672,0.632787,24,976,0.0245902,0,0
1781866678.060791,-0.286977,0.362396,-0.886744,0,0,1,0.0819672,0.632787,1,0.0819672,0.632787,24,976,0.0245902,0,0
1781866678.111908,-0.2825,0.360966,-0.888762,0,0,1,0.0833333,0.633333,1,0.0833333,0.633333,24,960,0.025,0,0
1781866678.160836,-0.269176,0.35591,-0.894915,0,0,1,0,0.6,1,0,0.6,18,816,0.0220588,0,0
1781866678.260833,-0.091001,0.0504425,-0.994573,0,0,1,0.118371,0.647348,1,0.118371,0.647348,75,2112,0.0355114,0,0
1781866678.310857,-0.155487,0.0411627,-0.98698,0,0,1,0.114051,0.64562,1,0.114051,0.64562,75,2192,0.0342153,0,0
1781866678.461686,-0.226995,0.213041,-0.950309,0,0,1,0.110677,0.644271,1,0.110677,0.644271,68,2048,0.0332031,0,0
1781866678.511662,-0.255503,0.247501,-0.934591,0,0,1,0.119263,0.647705,1,0.119263,0.647705,79,2208,0.035779,0,0
1781866678.561689,-0.296177,0.314636,-0.901822,0,0,1,0.108225,0.64329,1,0.108225,0.64329,80,2464,0.0324675,0,0
1781866678.611736,-0.353209,0.341859,-0.870848,0,0,1,0.100717,0.640287,1,0.100717,0.640287,73,2416,0.0302152,0,0
1781866678.661667,-0.380285,0.408074,-0.829975,0,0,1,0.126445,0.650578,1,0.126445,0.650578,105,2768,0.0379335,0,0
1781866678.711721,-0.409214,0.450951,-0.793213,0,0,1,0.115132,0.646053,1,0.115132,0.646053,84,2432,0.0345395,0,0
1781866678.761704,-0.434147,0.487375,-0.757616,0,0,1,0.109404,0.643762,1,0.109404,0.643762,94,2864,0.0328212,0,0
1781866678.811723,-0.447933,0.519376,-0.72774,0,0,1,0.106707,0.642683,1,0.106707,0.642683,105,3280,0.0320122,0,0
1781866678.861823,-0.466956,0.531009,-0.707094,0,0,1,0.0357143,0.614286,1,0.0357143,0.614286,36,3360,0.0107143,0,0
1781866678.961907,-0.373473,0.336472,-0.864468,0,0,1,0.0915404,0.636616,1,0.0915404,0.636616,29,1056,0.0274621,0,0
1781866679.011734,-0.121069,0.0833737,-0.989137,0,0,1,0.130876,0.65235,1,0.130876,0.65235,196,4992,0.0392628,0,0
1781866679.061313,-0.0586132,-0.00632491,-0.998261,0,0,1,0.133987,0.653595,1,0.133987,0.653595,164,4080,0.0401961,0,0
1781866679.111346,-0.0118549,-0.0298932,-0.999483,0,0,1,0.116747,0.646699,1,0.116747,0.646699,116,3312,0.0350242,0,0
1781866679.311294,0.00730383,-0.0550534,-0.998457,0,0,1,0.0545171,0.621807,1,0.0545171,0.621807,28,1712,0.0163551,0,0
1781866679.361135,0.00665625,-0.0690294,-0.997592,0,0,1,0.0540123,0.621605,1,0.0540123,0.621605,28,1728,0.0162037,0,0
1781866679.411262,-0.189339,0.17811,-0.965623,0,0,1,0.0617284,0.624691,1,0.0617284,0.624691,32,1728,0.0185185,0,0
1781866679.460976,-0.189618,0.212115,-0.958672,0,0,1,0.0910992,0.63644,1,0.0910992,0.63644,122,4464,0.0273297,0,0
1781866679.511068,-0.186385,0.224227,-0.956547,0,0,1,0.101085,0.640434,1,0.101085,0.640434,164,5408,0.0303254,0,0
1781866679.561422,-0.181974,0.211049,-0.960387,0,0,1,0.102137,0.640855,1,0.102137,0.640855,151,4928,0.0306412,0,0
1781866679.611401,-0.180435,0.221219,-0.958387,0,0,1,0.107698,0.643079,1,0.107698,0.643079,183,5664,0.0323093,0,0
1781866679.661413,-0.18046,0.229093,-0.956531,0,0,1,0.115923,0.646369,1,0.115923,0.646369,212,6096,0.0347769,0,0
1781866679.711670,-0.167411,0.242758,-0.955533,0,0,1,0.115479,0.646192,1,0.115479,0.646192,245,7072,0.0346437,0,0
1781866679.761831,-0.161559,0.250026,-0.954665,0,0,1,0.120228,0.648091,1,0.120228,0.648091,262,7264,0.0360683,0,0
1781866679.811816,0.00364258,0.0602753,-0.998175,0,0,1,0.132004,0.652802,1,0.132004,0.652802,294,7424,0.0396013,0,0
1781866679.861823,0.00973582,0.0179011,-0.999793,0,0,1,0.129788,0.651915,1,0.129788,0.651915,309,7936,0.0389365,0,0
1781866679.912550,0.0253393,-0.00579342,-0.999662,0,0,1,0.128795,0.651518,1,0.128795,0.651518,319,8256,0.0386386,0,0
1781866680.011854,0.0863652,0.0135855,-0.996171,0,0,1,0.117074,0.64683,1,0.117074,0.64683,322,9168,0.0351222,0,0
1781866680.061452,0.115281,0.0155551,-0.993211,0,0,1,0.1173,0.64692,1,0.1173,0.64692,326,9264,0.03519,0,0
1781866680.111891,0.0755489,-0.0053237,-0.997127,0,0,1,0.137673,0.655069,1,0.137673,0.655069,302,7312,0.041302,0,0
1781866680.311515,0.192366,0.0169145,-0.981177,0,0,1,0.0937295,0.637492,1,0.0937295,0.637492,229,8144,0.0281189,0,0
1781866680.361482,0.216942,0.0208512,-0.975962,0,0,1,0.109607,0.643843,1,0.109607,0.643843,272,8272,0.032882,0,0
1781866680.411508,0.235422,0.0220607,-0.971643,0,0,1,0.12089,0.648356,1,0.12089,0.648356,300,8272,0.0362669,0,0
1781866680.461524,0.240327,0.0194081,-0.970498,0,0,1,0.128472,0.651389,1,0.128472,0.651389,296,7680,0.0385417,0,0
1781866680.511518,0.239719,0.0185883,-0.970664,0,0,1,0.130263,0.652105,1,0.130263,0.652105,297,7600,0.0390789,0,0
1781866680.561524,0.233366,0.0229345,-0.972119,0,0,1,0.124516,0.649806,1,0.124516,0.649806,257,6880,0.0373547,0,0
1781866680.611133,0.164577,0.00418877,-0.986356,0,0,1,0.117663,0.647065,1,0.117663,0.647065,170,4816,0.035299,0,0
1781866680.661135,0.123697,0.00426693,-0.992311,0,0,1,0.100547,0.640219,1,0.100547,0.640219,125,4144,0.0301641,0,0
1781866680.711155,0.0811482,-0.00295056,-0.996697,0,0,1,0.0953526,0.638141,1,0.0953526,0.638141,119,4160,0.0286058,0,0
1781866680.761553,0.0278545,0.00869832,-0.999574,0,0,1,0.072338,0.628935,1,0.072338,0.628935,75,3456,0.0217014,0,0
1781866680.811155,-0.220693,-0.0269763,-0.97497,0,0,1,0.0916936,0.636677,1,0.0916936,0.636677,136,4944,0.0275081,0,0
1781866680.861181,-0.2685,-0.0105024,-0.963223,0,0,1,0.0549769,0.621991,1,0.0549769,0.621991,57,3456,0.0164931,0,0
1781866680.911368,-0.184725,-0.0261275,-0.982443,0,0,1,0.0801809,0.632072,1,0.0801809,0.632072,117,4864,0.0240543,0,0
1781866681.111191,-0.316329,-0.0392232,-0.947838,0,0,1,0.039464,0.615786,1,0.039464,0.615786,43,3632,0.0118392,0,0
1781866681.161494,-0.366284,-0.0361822,-0.9298,0,0,1,0.0661111,0.626444,1,0.0661111,0.626444,119,6000,0.0198333,0,0
1781866681.211508,-0.371916,-0.0438868,-0.927228,0,0,1,0.0621345,0.624854,1,0.0621345,0.624854,119,6384,0.0186404,0,0
1781866681.261197,-0.410079,-0.031685,-0.911499,0,0,1,0.0723309,0.628932,1,0.0723309,0.628932,142,6544,0.0216993,0,0
1781866681.311204,-0.425536,-0.0290009,-0.904476,0,0,1,0.0774083,0.630963,1,0.0774083,0.630963,162,6976,0.0232225,0,0
1781866681.362051,-0.440736,-0.0317142,-0.897077,0,0,1,0.07287,0.629148,1,0.07287,0.629148,156,7136,0.021861,0,0
1781866681.411644,-0.422056,-0.0273295,-0.906158,0,0,1,0.0763728,0.630549,1,0.0763728,0.630549,158,6896,0.0229118,0,0
1781866681.461656,-0.428448,-0.0311103,-0.903031,0,0,1,0.0839631,0.633585,1,0.0839631,0.633585,160,6352,0.0251889,0,0
1781866681.511632,-0.444736,-0.0375149,-0.894876,0,0,1,0.078125,0.63125,1,0.078125,0.63125,144,6144,0.0234375,0,0
1781866681.561678,-0.439501,-0.0289599,-0.897775,0,0,1,0.0593171,0.623727,1,0.0593171,0.623727,82,4608,0.0177951,0,0
1781866681.611693,-0.123216,-0.0197201,-0.992184,0,0,1,0.087188,0.634875,1,0.087188,0.634875,190,7264,0.0261564,0,0
1781866681.661692,-0.0727547,-0.0538202,-0.995897,0,0,1,0.0967742,0.63871,1,0.0967742,0.63871,216,7440,0.0290323,0,0
1781866681.711665,0.00791399,-0.00237658,-0.999966,0,0,1,0.0499049,0.619962,1,0.0499049,0.619962,63,4208,0.0149715,0,0
1781866681.811269,-0.0302226,-0.0435535,-0.998594,0,0,1,0.0754396,0.630176,1,0.0754396,0.630176,151,6672,0.0226319,0,0
1781866682.060924,-0.0489194,-0.0923582,-0.994524,0,0,1,0.0447342,0.617894,1,0.0447342,0.617894,35,2608,0.0134202,0,0
1781866682.110904,-0.068624,-0.088458,-0.993713,0,0,1,0.0446429,0.617857,1,0.0446429,0.617857,33,2464,0.0133929,0,0
1781866682.160900,-0.0285699,-0.0432606,-0.998655,0,0,1,0.0548986,0.621959,1,0.0548986,0.621959,39,2368,0.0164696,0,0
1781866682.210515,-0.0158217,-0.045411,-0.998843,0,0,1,0.0502874,0.620115,1,0.0502874,0.620115,42,2784,0.0150862,0,0
1781866682.260529,-0.00934623,-0.0237356,-0.999674,0,0,1,0.0454696,0.618188,1,0.0454696,0.618188,55,4032,0.0136409,0,0
1781866682.310556,-0.00992691,0.0169662,-0.999807,0,0,1,0.0605184,0.624207,1,0.0605184,0.624207,113,6224,0.0181555,0,0
1781866682.360560,0.000292239,0.00790767,-0.999969,0,0,1,0.0651578,0.626063,1,0.0651578,0.626063,152,7776,0.0195473,0,0
1781866682.411802,0.00132044,0.00518486,-0.999986,0,0,1,0.0696067,0.627843,1,0.0696067,0.627843,143,6848,0.020882,0,0
1781866682.460566,-5.42141e-05,-0.00842186,-0.999964,0,0,1,0.0450938,0.618038,1,0.0450938,0.618038,50,3696,0.0135281,0,0
1781866682.510549,-0.0128615,-0.00573933,-0.999901,0,0,1,0.0325964,0.613039,1,0.0325964,0.613039,23,2352,0.00977891,0,0
1781866682.560616,-0.0248733,0.0147098,-0.999583,0,0,1,0.0391604,0.615664,1,0.0391604,0.615664,25,2128,0.0117481,0,0
1781866682.610565,-0.0638903,0.0525553,-0.996572,0,0,1,0.0318287,0.612731,1,0.0318287,0.612731,22,2304,0.00954861,0,0
1781866682.660656,-0.107608,0.0312704,-0.993701,0,0,1,0.0315657,0.612626,1,0.0315657,0.612626,20,2112,0.0094697,0,0
1781866682.810590,-0.0391634,0.01342,-0.999143,0,0,1,0.0402299,0.616092,1,0.0402299,0.616092,28,2320,0.012069,0,0
1781866682.861007,-0.0343242,4.5266e-05,-0.999411,0,0,1,0.0349873,0.613995,1,0.0349873,0.613995,22,2096,0.0104962,0,0
1781866682.911509,0.0550042,-0.0297871,-0.998042,0,0,1,0.0434028,0.617361,1,0.0434028,0.617361,25,1920,0.0130208,0,0
1781866683.011825,0.0359583,0.022862,-0.999092,0,0,1,0,0.6,1,0,0.6,12,1456,0.00824176,0,0
1781866683.061847,0.243627,-0.0190501,-0.969682,0,0,1,0,0.6,1,0,0.6,11,1248,0.0088141,0,0
1781866683.112239,-0.124798,0.0422499,-0.991282,0,0,1,0,0.6,1,0,0.6,12,1552,0.00773196,0,0
1781866683.162226,-0.150348,-0.018698,-0.988456,0,0,1,0.0589623,0.623585,1,0.0589623,0.623585,30,1696,0.0176887,0,0
1781866683.212276,-0.158481,-0.0318801,-0.986847,0,0,1,0.0445157,0.617806,1,0.0445157,0.617806,25,1872,0.0133547,0,0
1781866683.262259,-0.113684,-0.0173299,-0.993366,0,0,1,0.0405093,0.616204,1,0.0405093,0.616204,21,1728,0.0121528,0,0
1781866683.312280,-0.145226,-0.0658181,-0.987207,0,0,1,0.0406504,0.61626,1,0.0406504,0.61626,24,1968,0.0121951,0,0
1781866683.361887,-0.0232497,-0.121339,-0.992339,0,0,1,0.042735,0.617094,1,0.042735,0.617094,24,1872,0.0128205,0,0
1781866683.411904,0.00321665,-0.0914452,-0.995805,0,0,1,0.0434783,0.617391,1,0.0434783,0.617391,24,1840,0.0130435,0,0
1781866683.511094,-0.0292728,0.0526775,-0.998183,0,0,1,0,0.6,1,0,0.6,16,1376,0.0116279,0,0
1781866683.759516,-0.0421471,0.0500036,-0.997859,0,0,1,0.0429553,0.617182,1,0.0429553,0.617182,20,1552,0.0128866,0,0
1781866683.809524,0.0895842,0.108177,-0.990087,0,0,1,0,0.6,1,0,0.6,18,1424,0.0126404,0,0
1781866683.859519,0.101687,0.111055,-0.988598,0,0,1,0,0.6,1,0,0.6,17,1456,0.0116758,0,0
1781866683.959946,0.0242855,-0.0157257,-0.999582,0,0,1,0,0.6,1,0,0.6,18,1424,0.0126404,0,0
1781866684.009963,0.0830574,-0.0486212,-0.995358,0,0,1,0,0.6,1,0,0.6,18,1456,0.0123626,0,0
1781866684.060669,0.0496497,0.0707796,-0.996256,0,0,1,0.047619,0.619048,1,0.047619,0.619048,24,1680,0.0142857,0,0
1781866684.110379,0.050699,0.122391,-0.991187,0,0,1,0.0486111,0.619444,1,0.0486111,0.619444,21,1440,0.0145833,0,0
1781866684.160367,0.0547071,0.0951871,-0.993955,0,0,1,0.0457875,0.618315,1,0.0457875,0.618315,20,1456,0.0137363,0,0
1781866684.210381,0.0520966,0.094696,-0.994142,0,0,1,0.0480769,0.619231,1,0.0480769,0.619231,21,1456,0.0144231,0,0
1781866684.260404,-0.0993059,0.107361,-0.989248,0,0,1,0,0.6,1,0,0.6,17,1440,0.0118056,0,0
1781866684.310411,-0.122492,0.086399,-0.988702,0,0,1,0.060562,0.624225,1,0.060562,0.624225,25,1376,0.0181686,0,0
1781866684.360405,-0.12583,0.0798687,-0.988832,0,0,1,0.0504386,0.620175,1,0.0504386,0.620175,23,1520,0.0151316,0,0
1781866684.611084,-0.0448855,0.0424388,-0.99809,0,0,1,0,0.6,1,0,0.6,16,1536,0.0104167,0,0
1781866684.660837,-0.183987,0.0427167,-0.982,0,0,1,0,0.6,1,0,0.6,19,1488,0.0127688,0,0
1781866684.710839,-0.164942,0.134234,-0.977126,0,0,1,0.0509752,0.62039,1,0.0509752,0.62039,23,1504,0.0152926,0,0
1781866684.760885,-0.175384,-0.0384081,-0.983751,0,0,1,0,0.6,1,0,0.6,13,1600,0.008125,0,0
1781866684.810444,-0.0487819,0.051856,-0.997462,0,0,1,0,0.6,1,0,0.6,18,1648,0.0109223,0,0
1781866684.860482,0.016345,0.0502116,-0.998605,0,0,1,0.043456,0.617382,1,0.043456,0.617382,34,2608,0.0130368,0,0
1781866684.910461,-0.202452,0.132113,-0.97034,0,0,1,0.0337187,0.613487,1,0.0337187,0.613487,28,2768,0.0101156,0,0
1781866684.960496,-0.167879,0.11753,-0.978776,0,0,1,0.0401017,0.616041,1,0.0401017,0.616041,41,3408,0.0120305,0,0
1781866685.010097,-0.200585,0.108901,-0.973605,0,0,1,0.0309245,0.61237,1,0.0309245,0.61237,38,4096,0.00927734,0,0
1781866685.059676,-0.177342,0.106965,-0.978319,0,0,1,0.032175,0.61287,1,0.032175,0.61287,40,4144,0.00965251,0,0
1781866685.109694,-0.0501297,0.104751,-0.993234,0,0,1,0.0271739,0.61087,1,0.0271739,0.61087,33,4048,0.00815217,0,0
1781866685.159312,0.0145104,0.0402402,-0.999084,0,0,1,0.0320513,0.612821,1,0.0320513,0.612821,40,4160,0.00961538,0,0
1781866685.208908,0.0451395,-0.0161566,-0.99885,0,0,1,0.0369497,0.61478,1,0.0369497,0.61478,47,4240,0.0110849,0,0
1781866685.358971,-0.0188857,0.0199663,-0.999622,0,0,1,0.0571534,0.622861,1,0.0571534,0.622861,93,5424,0.017146,0,0
1781866685.408950,-0.0168395,0.0714105,-0.997305,0,0,1,0.0500235,0.620009,1,0.0500235,0.620009,85,5664,0.0150071,0,0
1781866685.458942,-0.0171699,0.074666,-0.997061,0,0,1,0.0525612,0.621024,1,0.0525612,0.621024,55,3488,0.0157683,0,0
1781866685.509335,0.000930205,0.0672716,-0.997734,0,0,1,0.0520833,0.620833,1,0.0520833,0.620833,58,3712,0.015625,0,0
1781866685.559353,-0.0160542,0.0709949,-0.997347,0,0,1,0.0440951,0.617638,1,0.0440951,0.617638,69,5216,0.0132285,0,0
1781866685.609354,-0.0191371,0.103557,-0.99444,0,0,1,0.0450913,0.618037,1,0.0450913,0.618037,79,5840,0.0135274,0,0
1781866685.659930,-0.0331205,0.113103,-0.993031,0,0,1,0.0399459,0.615978,1,0.0399459,0.615978,65,5424,0.0119838,0,0
1781866685.709754,-0.0300281,0.118288,-0.992525,0,0,1,0.0431034,0.617241,1,0.0431034,0.617241,60,4640,0.012931,0,0
1781866685.760258,-0.0353239,0.103525,-0.993999,0,0,1,0.0369094,0.614764,1,0.0369094,0.614764,45,4064,0.0110728,0,0
1781866685.810583,-0.0234826,0.157842,-0.987185,0,0,1,0.0362319,0.614493,1,0.0362319,0.614493,44,4048,0.0108696,0,0
1781866685.860574,-0.0601516,-0.0675623,-0.9959,0,0,1,0.0541126,0.621645,1,0.0541126,0.621645,100,6160,0.0162338,0,0
1781866685.912009,-0.0913135,-0.0179187,-0.995661,0,0,1,0.0393282,0.615731,1,0.0393282,0.615731,37,3136,0.0117985,0,0
1781866685.961913,-0.0596098,0.0197605,-0.998026,0,0,1,0.0411914,0.616477,1,0.0411914,0.616477,52,4208,0.0123574,0,0
1781866686.111535,-0.117962,-0.12096,-0.985624,0,0,1,0.0735544,0.629422,1,0.0735544,0.629422,173,7840,0.0220663,0,0
1781866686.161821,-0.122424,-0.078638,-0.989357,0,0,1,0.0420243,0.61681,1,0.0420243,0.61681,47,3728,0.0126073,0,0
1781866686.211885,-0.129859,-0.00573259,-0.991516,0,0,1,0.0343567,0.613743,1,0.0343567,0.613743,47,4560,0.010307,0,0
1781866686.262235,-0.143498,-0.101058,-0.984477,0,0,1,0.0604976,0.624199,1,0.0604976,0.624199,142,7824,0.0181493,0,0
1781866686.312287,-0.146971,-0.0855715,-0.985433,0,0,1,0.0409091,0.616364,1,0.0409091,0.616364,54,4400,0.0122727,0,0
1781866686.362486,-0.0685512,-0.0746088,-0.994854,0,0,1,0.0401515,0.616061,1,0.0401515,0.616061,53,4400,0.0120455,0,0
1781866686.412295,-0.170086,-0.0849767,-0.981758,0,0,1,0.0560491,0.62242,1,0.0560491,0.62242,106,6304,0.0168147,0,0
1781866686.461884,-0.145694,-0.0418261,-0.988445,0,0,1,0.0405743,0.61623,1,0.0405743,0.61623,52,4272,0.0121723,0,0
1781866686.512552,-0.116826,-0.0278368,-0.992762,0,0,1,0.0397337,0.615893,1,0.0397337,0.615893,74,6208,0.0119201,0,0
1781866686.561550,-0.163106,-0.0845923,-0.982975,0,0,1,0.0496032,0.619841,1,0.0496032,0.619841,105,7056,0.014881,0,0
1781866686.611688,-0.140833,-0.0939669,-0.985564,0,0,1,0.0433732,0.617349,1,0.0433732,0.617349,61,4688,0.0130119,0,0
1781866686.660706,-0.0840846,-0.112931,-0.990039,0,0,1,0.0389194,0.615568,1,0.0389194,0.615568,51,4368,0.0116758,0,0
1781866686.711068,-0.0946238,-0.114964,-0.988852,0,0,1,0.0420947,0.616838,1,0.0420947,0.616838,59,4672,0.0126284,0,0
1781866686.859521,-0.0700064,-0.0824319,-0.994135,0,0,1,0.0399754,0.61599,1,0.0399754,0.61599,52,4336,0.0119926,0,0
1781866686.909501,-0.0778595,-0.0685413,-0.994605,0,0,1,0.047603,0.619041,1,0.047603,0.619041,85,5952,0.0142809,0,0
1781866686.961433,-0.0924367,-0.104885,-0.990179,0,0,1,0.0596591,0.623864,1,0.0596591,0.623864,126,7040,0.0178977,0,0
1781866687.009135,-0.0790448,-0.0550262,-0.995351,0,0,1,0.0443989,0.61776,1,0.0443989,0.61776,65,4880,0.0133197,0,0
1781866687.059130,-0.0939814,-0.105388,-0.98998,0,0,1,0.0619612,0.624784,1,0.0619612,0.624784,138,7424,0.0185884,0,0
1781866687.109162,-0.0620142,-0.062167,-0.996137,0,0,1,0.0405481,0.616219,1,0.0405481,0.616219,58,4768,0.0121644,0,0
1781866687.159167,-0.0783135,-0.0963426,-0.992262,0,0,1,0.0533825,0.621353,1,0.0533825,0.621353,113,7056,0.0160147,0,0
1781866687.209191,-0.0880231,-0.063207,-0.994111,0,0,1,0.0408221,0.616329,1,0.0408221,0.616329,58,4736,0.0122466,0,0
1781866687.259169,-0.0826175,-0.0977966,-0.991771,0,0,1,0.0533825,0.621353,1,0.0533825,0.621353,113,7056,0.0160147,0,0
1781866687.309584,-0.0815941,-0.122741,-0.989079,0,0,1,0.0393082,0.615723,1,0.0393082,0.615723,50,4240,0.0117925,0,0
1781866687.359884,-0.0692829,-0.11343,-0.991127,0,0,1,0.0461196,0.618448,1,0.0461196,0.618448,58,4192,0.0138359,0,0
1781866687.409641,-0.126734,-0.0791102,-0.988777,0,0,1,0.0482348,0.619294,1,0.0482348,0.619294,94,6496,0.0144704,0,0
1781866687.459983,-0.0723483,-0.108561,-0.991453,0,0,1,0.0519663,0.620787,1,0.0519663,0.620787,111,7120,0.0155899,0,0
1781866687.610402,-0.0761997,-0.112945,-0.990675,0,0,1,0.0536427,0.621457,1,0.0536427,0.621457,129,8016,0.0160928,0,0
1781866687.660430,-0.0736837,-0.12036,-0.989992,0,0,1,0.0499002,0.61996,1,0.0499002,0.61996,120,8016,0.0149701,0,0
1781866687.710440,-0.0722458,-0.115525,-0.990674,0,0,1,0.0448495,0.61794,1,0.0448495,0.61794,93,6912,0.0134549,0,0
1781866687.760451,-0.0720226,-0.113668,-0.990905,0,0,1,0.0562238,0.62249,1,0.0562238,0.62249,129,7648,0.0168672,0,0
1781866687.810995,-0.0711356,-0.116386,-0.990653,0,0,1,0.0512153,0.620486,1,0.0512153,0.620486,118,7680,0.0153646,0,0
1781866687.860854,-0.0690861,-0.118737,-0.99052,0,0,1,0.0525362,0.621014,1,0.0525362,0.621014,116,7360,0.0157609,0,0
1781866687.910966,-0.0695625,-0.117641,-0.990617,0,0,1,0.0479428,0.619177,1,0.0479428,0.619177,110,7648,0.0143828,0,0
1781866687.960849,-0.0732997,-0.119291,-0.99015,0,0,1,0.0544606,0.621784,1,0.0544606,0.621784,126,7712,0.0163382,0,0
1781866688.010974,-0.0741927,-0.11759,-0.990287,0,0,1,0.0558943,0.622358,1,0.0558943,0.622358,132,7872,0.0167683,0,0
1781866688.060889,-0.0757606,-0.114176,-0.990568,0,0,1,0.0463883,0.618555,1,0.0463883,0.618555,112,8048,0.0139165,0,0
1781866688.111974,-0.0743733,-0.114526,-0.990632,0,0,1,0.0574021,0.622961,1,0.0574021,0.622961,143,8304,0.0172206,0,0
1781866688.160857,-0.073217,-0.109582,-0.991278,0,0,1,0.0549128,0.621965,1,0.0549128,0.621965,131,7952,0.0164738,0,0
1781866688.211061,-0.0763291,-0.119642,-0.989879,0,0,1,0.0486909,0.619476,1,0.0486909,0.619476,122,8352,0.0146073,0,0
1781866688.360937,-0.0794546,-0.125736,-0.988877,0,0,1,0.0439765,0.617591,1,0.0439765,0.617591,99,7504,0.013193,0,0
1781866688.411015,-0.0864141,-0.120315,-0.988967,0,0,1,0.0487783,0.619511,1,0.0487783,0.619511,107,7312,0.0146335,0,0
1781866688.460924,-0.0687301,-0.137359,-0.988134,0,0,1,0.0505545,0.620222,1,0.0505545,0.620222,124,8176,0.0151663,0,0
1781866688.512033,-0.0604849,-0.169285,-0.98371,0,0,1,0.0374079,0.614963,1,0.0374079,0.614963,65,5792,0.0112224,0,0
1781866688.560933,-0.0562037,-0.167706,-0.984234,0,0,1,0.0382044,0.615282,1,0.0382044,0.615282,64,5584,0.0114613,0,0
1781866688.611334,-0.0397806,-0.113185,-0.992777,0,0,1,0.0386905,0.615476,1,0.0386905,0.615476,65,5600,0.0116071,0,0
1781866688.660927,-0.0462103,-0.123417,-0.991278,0,0,1,0.0550766,0.622031,1,0.0550766,0.622031,138,8352,0.016523,0,0
1781866688.711089,-0.0313841,-0.0873883,-0.99568,0,0,1,0.0402299,0.616092,1,0.0402299,0.616092,84,6960,0.012069,0,0
1781866688.760964,-0.0569296,-0.138232,-0.988762,0,0,1,0.0632563,0.625303,1,0.0632563,0.625303,184,9696,0.0189769,0,0
1781866688.811035,-0.0750474,-0.0976063,-0.992392,0,0,1,0.0350996,0.61404,1,0.0350996,0.61404,62,5888,0.0105299,0,0
1781866688.860955,-0.0616214,-0.134477,-0.988999,0,0,1,0.0635965,0.625439,1,0.0635965,0.625439,174,9120,0.0190789,0,0
1781866659.812485,-0.00295849,-0.113584,-0.993524,0,0,1,0.0708689,0.628348,1,0.0708689,0.628348,199,9360,0.0212607,0,0
1781866660.112143,-0.0265993,-0.104977,-0.994119,0,0,1,0.039542,0.615817,1,0.039542,0.615817,67,5648,0.0118626,0,0
1781866660.162159,-0.025139,-0.104392,-0.994218,0,0,1,0.0376309,0.615052,1,0.0376309,0.615052,69,6112,0.0112893,0,0
1781866660.212177,-0.0377627,-0.10724,-0.993516,0,0,1,0.0411523,0.616461,1,0.0411523,0.616461,64,5184,0.0123457,0,0
1781866660.262165,-0.0369442,-0.106843,-0.993589,0,0,1,0.0523844,0.620954,1,0.0523844,0.620954,87,5536,0.0157153,0,0
1781866660.312152,-0.0467145,-0.120729,-0.991586,0,0,1,0.0403792,0.616152,1,0.0403792,0.616152,69,5696,0.0121138,0,0
1781866660.362167,-0.0362558,-0.121328,-0.99195,0,0,1,0.0495495,0.61982,1,0.0495495,0.61982,88,5920,0.0148649,0,0
1781866660.412272,-0.0357111,-0.120354,-0.992088,0,0,1,0.0525415,0.621017,1,0.0525415,0.621017,86,5456,0.0157625,0,0
1781866660.462181,-0.0352954,-0.118991,-0.992268,0,0,1,0.0540806,0.621632,1,0.0540806,0.621632,88,5424,0.0162242,0,0
1781866660.512184,-0.0339244,-0.119474,-0.992257,0,0,1,0.0557598,0.622304,1,0.0557598,0.622304,91,5440,0.0167279,0,0
1781866660.562190,-0.03266,-0.12193,-0.992001,0,0,1,0.0541045,0.621642,1,0.0541045,0.621642,87,5360,0.0162313,0,0
1781866660.612206,-0.0313326,-0.122761,-0.991942,0,0,1,0.0501543,0.620062,1,0.0501543,0.620062,78,5184,0.0150463,0,0
1781866660.662236,-0.0331157,-0.125264,-0.991571,0,0,1,0.0517677,0.620707,1,0.0517677,0.620707,82,5280,0.0155303,0,0
1781866660.712214,-0.0314172,-0.121971,-0.992036,0,0,1,0.0596174,0.623847,1,0.0596174,0.623847,91,5088,0.0178852,0,0
1781866660.862225,-0.031583,-0.121993,-0.992029,0,0,1,0.0444347,0.617774,1,0.0444347,0.617774,61,4576,0.0133304,0,0
1781866660.912231,-0.0784181,-0.138403,-0.987267,0,0,1,0.0416667,0.616667,1,0.0416667,0.616667,53,4240,0.0125,0,0
1781866660.962242,-0.0841776,-0.134979,-0.987267,0,0,1,0.0539303,0.621572,1,0.0539303,0.621572,73,4512,0.0161791,0,0
1781866661.012240,-0.0326995,-0.118026,-0.992472,0,0,1,0.0584532,0.623381,1,0.0584532,0.623381,78,4448,0.017536,0,0
1781866661.062239,-0.0320936,-0.11564,-0.992773,0,0,1,0.0463867,0.618555,1,0.0463867,0.618555,57,4096,0.013916,0,0
1781866661.112252,-0.028717,-0.113259,-0.99315,0,0,1,0.0545818,0.621833,1,0.0545818,0.621833,71,4336,0.0163745,0,0
1781866661.162289,0.0258186,-0.107963,-0.99382,0,0,1,0.0517516,0.620701,1,0.0517516,0.620701,78,5024,0.0155255,0,0
1781866661.212463,0.0160477,-0.126696,-0.991812,0,0,1,0.046503,0.618601,1,0.046503,0.618601,50,3584,0.0139509,0,0
1781866661.262279,-0.0496422,-0.116849,-0.991908,0,0,1,0.0415305,0.616612,1,0.0415305,0.616612,61,4896,0.0124592,0,0
1781866661.312292,0.0990194,-0.045846,-0.994029,0,0,1,0.0562562,0.622502,1,0.0562562,0.622502,91,5392,0.0168769,0,0
1781866661.362275,0.0287979,-0.0959606,-0.994969,0,0,1,0.0368324,0.614733,1,0.0368324,0.614733,32,2896,0.0110497,0,0
1781866661.412314,0.00278525,-0.104146,-0.994558,0,0,1,0.0389004,0.61556,1,0.0389004,0.61556,45,3856,0.0116701,0,0
1781866661.462302,-0.0324429,-0.101202,-0.994337,0,0,1,0.0418374,0.616735,1,0.0418374,0.616735,49,3904,0.0125512,0,0
1781866661.562350,-0.0045487,-0.0793383,-0.996837,0,0,1,0.0377415,0.615097,1,0.0377415,0.615097,50,4416,0.0113225,0,0
1781866661.612352,-0.0264914,-0.0919442,-0.995412,0,0,1,0.0387427,0.615497,1,0.0387427,0.615497,53,4560,0.0116228,0,0
1781866661.662355,-0.0184286,-0.0949073,-0.995316,0,0,1,0.0386364,0.615455,1,0.0386364,0.615455,51,4400,0.0115909,0,0
1781866661.711967,-0.0323369,-0.101935,-0.994265,0,0,1,0.0396825,0.615873,1,0.0396825,0.615873,52,4368,0.0119048,0,0
1781866661.761930,-0.0207471,-0.0907881,-0.995654,0,0,1,0.0415129,0.616605,1,0.0415129,0.616605,54,4336,0.0124539,0,0
1781866661.811969,-0.0282452,-0.0997686,-0.994609,0,0,1,0.0378788,0.615152,1,0.0378788,0.615152,48,4224,0.0113636,0,0
1781866661.861551,-0.034061,-0.11168,-0.99316,0,0,1,0.0422598,0.616904,1,0.0422598,0.616904,57,4496,0.0126779,0,0
1781866661.911667,-0.0314633,-0.110358,-0.993394,0,0,1,0.0433094,0.617324,1,0.0433094,0.617324,58,4464,0.0129928,0,0
1781866661.961600,-0.037533,-0.102552,-0.994019,0,0,1,0.0400916,0.616037,1,0.0400916,0.616037,56,4656,0.0120275,0,0
1781866662.011215,-0.0306328,-0.0955983,-0.994948,0,0,1,0.0420806,0.616832,1,0.0420806,0.616832,61,4832,0.0126242,0,0
1781866662.112564,0.0772132,-0.168173,-0.982729,0,0,1,0.0423611,0.616944,1,0.0423611,0.616944,61,4800,0.0127083,0,0
1781866662.161201,0.0897772,-0.111703,-0.989678,0,0,1,0.0401017,0.616041,1,0.0401017,0.616041,41,3408,0.0120305,0,0
1781866662.211609,0.0892089,-0.119303,-0.988842,0,0,1,0.039276,0.61571,1,0.039276,0.61571,46,3904,0.0117828,0,0
1781866662.361647,0.112492,-0.142562,-0.983373,0,0,1,0.0471953,0.618878,1,0.0471953,0.618878,70,4944,0.0141586,0,0
1781866662.411635,0.114618,-0.13805,-0.983771,0,0,1,0.0480226,0.619209,1,0.0480226,0.619209,68,4720,0.0144068,0,0
1781866662.462048,0.104891,-0.1249,-0.986609,0,0,1,0.0473802,0.618952,1,0.0473802,0.618952,68,4784,0.014214,0,0
1781866662.512066,0.0863318,-0.122553,-0.9887,0,0,1,0.0453154,0.618126,1,0.0453154,0.618126,77,5664,0.0135946,0,0
1781866662.562098,0.0769573,-0.11324,-0.990583,0,0,1,0.056516,0.622606,1,0.056516,0.622606,102,6016,0.0169548,0,0
1781866662.612075,0.0785328,-0.104727,-0.991395,0,0,1,0.045591,0.618236,1,0.045591,0.618236,79,5776,0.0136773,0,0
1781866662.662117,0.0979384,-0.112294,-0.988837,0,0,1,0.0438596,0.617544,1,0.0438596,0.617544,80,6080,0.0131579,0,0
1781866662.712075,0.0431406,-0.0528161,-0.997672,0,0,1,0.0514139,0.620566,1,0.0514139,0.620566,96,6224,0.0154242,0,0
1781866662.762475,0.0125624,-0.00853711,-0.999885,0,0,1,0.0607639,0.624306,1,0.0607639,0.624306,140,7680,0.0182292,0,0
1781866662.812477,-0.0183813,0.0304953,-0.999366,0,0,1,0.0579672,0.623187,1,0.0579672,0.623187,133,7648,0.0173902,0,0
1781866662.862468,-0.0233633,0.0389102,-0.99897,0,0,1,0.0697245,0.62789,1,0.0697245,0.62789,166,7936,0.0209173,0,0
1781866662.912102,-0.0545409,0.0901818,-0.994431,0,0,1,0.0778741,0.63115,1,0.0778741,0.63115,194,8304,0.0233622,0,0
1781866662.962092,-0.0856095,0.133561,-0.987336,0,0,1,0.0774182,0.630967,1,0.0774182,0.630967,178,7664,0.0232255,0,0
1781866663.112106,-0.183137,0.281231,-0.942003,0,0,1,0.0928875,0.637155,1,0.0928875,0.637155,210,7536,0.0278662,0,0
1781866663.161727,-0.202631,0.313986,-0.927553,0,0,1,0.0858333,0.634333,1,0.0858333,0.634333,206,8000,0.02575,0,0
1781866663.211755,-0.235021,0.362562,-0.901839,0,0,1,0.0749669,0.629987,1,0.0749669,0.629987,181,8048,0.0224901,0,0
1781866663.261730,-0.26255,0.399589,-0.878292,0,0,1,0.0744382,0.629775,1,0.0744382,0.629775,159,7120,0.0223315,0,0
1781866663.311363,-0.271708,0.39612,-0.877077,0,0,1,0.0823171,0.632927,1,0.0823171,0.632927,162,6560,0.0246951,0,0
1781866663.361339,-0.296424,0.445193,-0.844947,0,0,1,0.0890262,0.63561,1,0.0890262,0.63561,147,5504,0.0267078,0,0
1781866663.411364,-0.313349,0.485198,-0.816331,0,0,1,0.0868056,0.634722,1,0.0868056,0.634722,135,5184,0.0260417,0,0
1781866663.461354,-0.342988,0.556671,-0.756622,0,0,1,0.0793322,0.631733,1,0.0793322,0.631733,115,4832,0.0237997,0,0
1781866663.511363,-0.357528,0.582509,-0.72997,0,0,1,0.0930851,0.637234,1,0.0930851,0.637234,126,4512,0.0279255,0,0
1781866663.611379,-0.0020705,-0.0455278,-0.998961,0,0,1,0.0303601,0.612144,1,0.0303601,0.612144,29,3184,0.00910804,0,0
1781866663.711869,0.0145804,-0.075223,-0.99706,0,0,1,0.0303398,0.612136,1,0.0303398,0.612136,30,3296,0.00910194,0,0
1781866663.812204,-0.0491294,-0.00880026,-0.998754,0,0,1,0.0409644,0.616386,1,0.0409644,0.616386,35,2848,0.0122893,0,0
1781866664.062226,-0.0077844,-0.081079,-0.996677,0,0,1,0.0469219,0.618769,1,0.0469219,0.618769,25,1776,0.0140766,0,0
1781866664.112264,-0.0160663,-0.0403493,-0.999056,0,0,1,0.0542717,0.621709,1,0.0542717,0.621709,31,1904,0.0162815,0,0
1781866664.161846,0.00297518,-0.0272046,-0.999625,0,0,1,0.0547445,0.621898,1,0.0547445,0.621898,36,2192,0.0164234,0,0
1781866664.211466,-0.0443743,0.109812,-0.992961,0,0,1,0.0602214,0.624089,1,0.0602214,0.624089,37,2048,0.0180664,0,0
1781866664.261051,-0.055379,0.206168,-0.976948,0,0,1,0.0584795,0.623392,1,0.0584795,0.623392,32,1824,0.0175439,0,0
1781866664.311064,0.000113875,0.0937299,-0.995598,0,0,1,0.0635965,0.625439,1,0.0635965,0.625439,29,1520,0.0190789,0,0
1781866664.361085,-0.0522993,0.191915,-0.980017,0,0,1,0.0558419,0.622337,1,0.0558419,0.622337,26,1552,0.0167526,0,0
1781866664.410688,0.00233061,0.135248,-0.990809,0,0,1,0.0539216,0.621569,1,0.0539216,0.621569,22,1360,0.0161765,0,0
1781866664.460668,0.188373,0.056289,-0.980483,0,0,1,0.0520833,0.620833,1,0.0520833,0.620833,23,1472,0.015625,0,0
1781866664.510696,-0.00399761,-0.63458,-0.772847,0,0,1,0,0.6,1,0,0.6,15,720,0.0208333,0,0
1781866664.560700,-0.257612,-0.0653708,-0.964035,0,0,1,0,0.6,1,0,0.6,13,1168,0.0111301,0,0
1781866664.610695,0.0211934,-0.299115,-0.953982,0,0,1,0,0.6,1,0,0.6,16,1504,0.0106383,0,0
1781866664.661114,0.0364228,-0.280372,-0.9592,0,0,1,0.0321365,0.612855,1,0.0321365,0.612855,29,3008,0.00964096,0,0
1781866664.711130,0.0350594,-0.243637,-0.969233,0,0,1,0.0328947,0.613158,1,0.0328947,0.613158,30,3040,0.00986842,0,0
1781866664.911839,-0.0072858,-0.249538,-0.968338,0,0,1,0.0359405,0.614376,1,0.0359405,0.614376,59,5472,0.0107822,0,0
1781866664.961555,0.0311625,-0.220625,-0.974861,0,0,1,0.0351803,0.614072,1,0.0351803,0.614072,64,6064,0.0105541,0,0
1781866665.011554,0.177854,-0.329182,-0.927366,0,0,1,0.0438862,0.617554,1,0.0438862,0.617554,87,6608,0.0131659,0,0
1781866665.061657,0.187028,-0.329732,-0.925363,0,0,1,0.0513889,0.620556,1,0.0513889,0.620556,37,2400,0.0154167,0,0
1781866665.111571,0.178374,-0.237439,-0.954885,0,0,1,0.0548697,0.621948,1,0.0548697,0.621948,64,3888,0.0164609,0,0
1781866665.161563,0.18631,-0.239619,-0.952823,0,0,1,0.0500466,0.620019,1,0.0500466,0.620019,43,2864,0.015014,0,0
1781866665.211577,0.169129,-0.118776,-0.978411,0,0,1,0.0752924,0.630117,1,0.0752924,0.630117,103,4560,0.0225877,0,0
1781866665.261598,0.170894,-0.131954,-0.976413,0,0,1,0.0463936,0.618557,1,0.0463936,0.618557,53,3808,0.0139181,0,0
1781866665.311991,0.171913,0.00165206,-0.985111,0,0,1,0.0674198,0.626968,1,0.0674198,0.626968,111,5488,0.0202259,0,0
1781866665.361998,0.225581,-0.0012945,-0.974223,0,0,1,0.0350295,0.614012,1,0.0350295,0.614012,38,3616,0.0105088,0,0
1781866665.411739,0.176012,0.0787631,-0.981232,0,0,1,0.0549769,0.621991,1,0.0549769,0.621991,76,4608,0.0164931,0,0
1781866665.461665,0.141535,0.035802,-0.989285,0,0,1,0.0315315,0.612613,1,0.0315315,0.612613,28,2960,0.00945946,0,0
1781866665.511635,0.201877,0.165443,-0.965337,0,0,1,0.0484664,0.619387,1,0.0484664,0.619387,67,4608,0.0145399,0,0
1781866665.561641,0.196406,0.0976925,-0.975644,0,0,1,0.0300926,0.612037,1,0.0300926,0.612037,26,2880,0.00902778,0,0
1781866665.762058,0.297832,0.373241,-0.878628,0,0,1,0.0374606,0.614984,1,0.0374606,0.614984,57,5072,0.0112382,0,0
1781866665.812153,0.276733,0.280055,-0.919232,0,0,1,0,0.6,1,0,0.6,12,1504,0.00797872,0,0
1781866665.862081,0.227445,0.182096,-0.956614,0,0,1,0.0414079,0.616563,1,0.0414079,0.616563,32,2576,0.0124224,0,0
1781866665.912061,0.346165,0.531442,-0.773136,0,0,1,0.045068,0.618027,1,0.045068,0.618027,53,3920,0.0135204,0,0
1781866666.012106,0.337969,0.585557,-0.736818,0,0,1,0.0481443,0.619258,1,0.0481443,0.619258,55,3808,0.0144433,0,0
1781866666.062110,0.234631,0.498006,-0.834828,0,0,1,0,0.6,1,0,0.6,13,1120,0.0116071,0,0
1781866666.112081,0.228842,0.574434,-0.785911,0,0,1,0.0500801,0.620032,1,0.0500801,0.620032,25,1664,0.015024,0,0
1781866666.162083,0.233971,0.575526,-0.783599,0,0,1,0.0526094,0.621044,1,0.0526094,0.621044,25,1584,0.0157828,0,0
1781866666.212127,0.234901,0.57353,-0.784783,0,0,1,0.0515464,0.620619,1,0.0515464,0.620619,24,1552,0.0154639,0,0
1781866666.262119,0.231612,0.563677,-0.792858,0,0,1,0.0446429,0.617857,1,0.0446429,0.617857,21,1568,0.0133929,0,0
1781866666.313007,0.203008,0.600582,-0.773362,0,0,1,0.0409226,0.616369,1,0.0409226,0.616369,22,1792,0.0122768,0,0
1781866666.362128,0.209612,0.622913,-0.753686,0,0,1,0.0452899,0.618116,1,0.0452899,0.618116,25,1840,0.013587,0,0
1781866666.412156,0.19156,0.565097,-0.802477,0,0,1,0.0434028,0.617361,1,0.0434028,0.617361,25,1920,0.0130208,0,0
1781866666.612482,0.105959,0.373385,-0.921606,0,0,1,0.0377604,0.615104,1,0.0377604,0.615104,29,2560,0.0113281,0,0
1781866666.662187,-0.0549762,0.0734174,-0.995785,0,0,1,0.0370654,0.614826,1,0.0370654,0.614826,29,2608,0.0111196,0,0
1781866666.712195,-0.0983435,-0.0704063,-0.992659,0,0,1,0.0486111,0.619444,1,0.0486111,0.619444,28,1920,0.0145833,0,0
1781866666.762489,-0.0906335,-0.0408243,-0.995047,0,0,1,0.0603583,0.624143,1,0.0603583,0.624143,31,1712,0.0181075,0,0
1781866666.812317,-0.0394829,-0.127507,-0.991052,0,0,1,0.0428349,0.617134,1,0.0428349,0.617134,22,1712,0.0128505,0,0
1781866666.862235,-0.0286779,-0.135993,-0.990295,0,0,1,0.0347222,0.613889,1,0.0347222,0.613889,20,1920,0.0104167,0,0
1781866666.912395,-0.315963,-0.329033,-0.88989,0,0,1,0,0.6,1,0,0.6,18,1776,0.0101351,0,0
1781866666.961791,-0.292876,-0.40277,-0.867179,0,0,1,0.0365776,0.614631,1,0.0365776,0.614631,23,2096,0.0109733,0,0
1781866667.011814,-0.24843,-0.498065,-0.830791,0,0,1,0.0392316,0.615693,1,0.0392316,0.615693,29,2464,0.0117695,0,0
1781866667.061831,-0.196465,-0.452297,-0.86996,0,0,1,0.0270062,0.610802,1,0.0270062,0.610802,21,2592,0.00810185,0,0
1781866667.111436,-0.0555597,-0.674633,-0.73606,0,0,1,0.0506446,0.620258,1,0.0506446,0.620258,44,2896,0.0151934,0,0
1781866667.161216,-0.0887473,-0.650872,-0.753982,0,0,1,0.0694444,0.627778,1,0.0694444,0.627778,79,3792,0.0208333,0,0
1781866667.210661,-0.0916081,-0.643713,-0.759764,0,0,1,0.0904393,0.636176,1,0.0904393,0.636176,112,4128,0.0271318,0,0
1781866667.260632,-0.0978149,-0.594918,-0.797813,0,0,1,0.0587935,0.623517,1,0.0587935,0.623517,46,2608,0.017638,0,0
1781866667.461072,-0.0915128,-0.614381,-0.783684,0,0,1,0.0461409,0.618456,1,0.0461409,0.618456,33,2384,0.0138423,0,0
1781866667.510679,-0.0604481,-0.513139,-0.856174,0,0,1,0.0525362,0.621014,1,0.0525362,0.621014,29,1840,0.0157609,0,0
1781866667.560710,-0.0557352,-0.508299,-0.859375,0,0,1,0.0538079,0.621523,1,0.0538079,0.621523,39,2416,0.0161424,0,0
1781866667.611142,-0.0475303,-0.502262,-0.863409,0,0,1,0.0468442,0.618738,1,0.0468442,0.618738,38,2704,0.0140533,0,0
1781866667.661106,0.105027,0.000760282,-0.994469,0,0,1,0.0430633,0.617225,1,0.0430633,0.617225,37,2864,0.012919,0,0
1781866667.711715,0.132026,0.11867,-0.984117,0,0,1,0.0984562,0.639382,1,0.0984562,0.639382,250,8464,0.0295369,0,0
1781866667.761512,0.139636,0.186982,-0.972389,0,0,1,0.111082,0.644433,1,0.111082,0.644433,257,7712,0.0333247,0,0
1781866667.812159,0.144416,0.253248,-0.956561,0,0,1,0.118127,0.647251,1,0.118127,0.647251,275,7760,0.0354381,0,0
1781866667.861925,0.136154,0.328375,-0.934683,0,0,1,0.118137,0.647255,1,0.118137,0.647255,241,6800,0.0354412,0,0
1781866667.912301,0.123542,0.396506,-0.909682,0,0,1,0.108378,0.643351,1,0.108378,0.643351,193,5936,0.0325135,0,0
1781866667.961933,0.117226,0.401974,-0.908116,0,0,1,0.0992934,0.639717,1,0.0992934,0.639717,163,5472,0.029788,0,0
1781866668.012388,0.0939948,0.464712,-0.880459,0,0,1,0.0989409,0.639576,1,0.0989409,0.639576,142,4784,0.0296823,0,0
1781866668.062739,0.0659638,0.525815,-0.848038,0,0,1,0.0979938,0.639198,1,0.0979938,0.639198,127,4320,0.0293981,0,0
1781866668.212380,-0.000454143,0.641996,-0.766708,0,0,1,0,0.6,1,0,0.6,14,1296,0.0108025,0,0
1781866668.262365,0.091047,0.315137,-0.944669,0,0,1,0,0.6,1,0,0.6,10,1456,0.00686813,0,0
1781866668.311986,0.0877677,0.261256,-0.961271,0,0,1,0,0.6,1,0,0.6,19,864,0.0219907,0,0
1781866668.361593,0.0755816,0.289935,-0.954057,0,0,1,0,0.6,1,0,0.6,18,928,0.0193966,0,0
1781866668.411210,0.00467361,0.395408,-0.918494,0,0,1,0,0.6,1,0,0.6,14,928,0.0150862,0,0
1781866668.460835,-0.027407,0.451078,-0.892063,0,0,1,0.0694444,0.627778,1,0.0694444,0.627778,23,1104,0.0208333,0,0
1781866668.510381,-0.0256354,0.356882,-0.933798,0,0,1,0.0607639,0.624306,1,0.0607639,0.624306,21,1152,0.0182292,0,0
1781866668.560018,-0.0385212,0.388832,-0.920503,0,0,1,0.0657895,0.626316,1,0.0657895,0.626316,30,1520,0.0197368,0,0
1781866668.609608,-0.0736783,0.396221,-0.915194,0,0,1,0.0460526,0.618421,1,0.0460526,0.618421,21,1520,0.0138158,0,0
1781866668.659626,-0.14941,0.547047,-0.82366,0,0,1,0.0467687,0.618707,1,0.0467687,0.618707,22,1568,0.0140306,0,0
1781866668.709638,-0.164835,0.544776,-0.822222,0,0,1,0,0.6,1,0,0.6,19,1360,0.0139706,0,0
1781866668.759250,-0.195688,0.581373,-0.789754,0,0,1,0,0.6,1,0,0.6,19,1376,0.0138081,0,0
1781866668.809245,-0.174241,0.518609,-0.83707,0,0,1,0.0520833,0.620833,1,0.0520833,0.620833,22,1408,0.015625,0,0
1781866668.909251,-0.0975344,0.319361,-0.942601,0,0,1,0.043239,0.617296,1,0.043239,0.617296,22,1696,0.0129717,0,0
1781866669.160486,-0.208104,0.504986,-0.837665,0,0,1,0,0.6,1,0,0.6,19,1328,0.0143072,0,0
1781866669.211356,-0.243736,0.494764,-0.834148,0,0,1,0,0.6,1,0,0.6,16,864,0.0185185,0,0
1781866669.261321,-0.319997,0.582799,-0.746959,0,0,1,0,0.6,1,0,0.6,15,880,0.0170455,0,0
1781866669.311298,-0.372587,0.578743,-0.725421,0,0,1,0,0.6,1,0,0.6,9,592,0.0152027,0,0
1781866669.361714,0.203437,-0.241032,-0.948956,0,0,1,0,0.6,1,0,0.6,9,672,0.0133929,0,0
1781866669.411741,0.145244,-0.181026,-0.972694,0,0,1,0.0248195,0.609928,1,0.0248195,0.609928,33,4432,0.00744585,0,0
1781866669.461340,0.450576,-0.48657,-0.748486,0,0,1,0.0465426,0.618617,1,0.0465426,0.618617,63,4512,0.0139628,0,0
1781866669.511332,-0.117348,-0.336259,-0.93443,0,0,1,0,0.6,1,0,0.6,15,1184,0.0126689,0,0
1781866669.561329,0.405526,-0.397482,-0.823139,0,0,1,0.0498466,0.619939,1,0.0498466,0.619939,39,2608,0.014954,0,0
1781866669.611342,0.403559,-0.397779,-0.823961,0,0,1,0.0520833,0.620833,1,0.0520833,0.620833,24,1536,0.015625,0,0
1781866669.661355,0.370984,-0.294823,-0.880597,0,0,1,0.0896465,0.635859,1,0.0896465,0.635859,71,2640,0.0268939,0,0
1781866669.711354,0.350586,-0.225001,-0.909101,0,0,1,0.067029,0.626812,1,0.067029,0.626812,37,1840,0.0201087,0,0
1781866669.761419,0.317118,-0.157138,-0.935278,0,0,1,0.0763889,0.630556,1,0.0763889,0.630556,55,2400,0.0229167,0,0
1781866669.911706,0.233814,0.0677653,-0.969917,0,0,1,0.108852,0.643541,1,0.108852,0.643541,151,4624,0.0326557,0,0
1781866669.961043,0.213404,0.150215,-0.965347,0,0,1,0.0937951,0.637518,1,0.0937951,0.637518,104,3696,0.0281385,0,0
1781866670.011089,0.197789,0.216506,-0.956036,0,0,1,0.0622294,0.624892,1,0.0622294,0.624892,46,2464,0.0186688,0,0
1781866670.060979,0.199967,0.15688,-0.967161,0,0,1,0.0504557,0.620182,1,0.0504557,0.620182,31,2048,0.0151367,0,0
1781866670.111402,0.19255,0.341624,-0.919901,0,0,1,0.0719027,0.628761,1,0.0719027,0.628761,78,3616,0.0215708,0,0
1781866670.161395,0.139763,0.283338,-0.948781,0,0,1,0,0.6,1,0,0.6,19,1328,0.0143072,0,0
1781866670.211436,0.118983,0.212761,-0.969833,0,0,1,0.0449811,0.617992,1,0.0449811,0.617992,38,2816,0.0134943,0,0
1781866670.261435,0.239034,0.492457,-0.836869,0,0,1,0.0393701,0.615748,1,0.0393701,0.615748,48,4064,0.011811,0,0
1781866670.311854,0.181017,0.436952,-0.881083,0,0,1,0,0.6,1,0,0.6,16,960,0.0166667,0,0
1781866670.361876,0.165,0.369901,-0.914302,0,0,1,0.0406073,0.616243,1,0.0406073,0.616243,23,1888,0.0121822,0,0
1781866670.411990,0.126975,0.318033,-0.939538,0,0,1,0.0426136,0.617045,1,0.0426136,0.617045,27,2112,0.0127841,0,0
1781866670.462265,0.0913423,0.218338,-0.971589,0,0,1,0.0416667,0.616667,1,0.0416667,0.616667,30,2400,0.0125,0,0
1781866670.512261,0.0882431,0.197024,-0.976419,0,0,1,0.0318144,0.612726,1,0.0318144,0.612726,31,3248,0.00954433,0,0
1781866670.562260,0.0761866,0.047262,-0.995973,0,0,1,0.0267094,0.610684,1,0.0267094,0.610684,30,3744,0.00801282,0,0
1781866670.712690,0.108971,0.138444,-0.984357,0,0,1,0.0370763,0.614831,1,0.0370763,0.614831,42,3776,0.0111229,0,0
1781866670.762284,0.156546,0.240864,-0.957851,0,0,1,0.0302419,0.612097,1,0.0302419,0.612097,36,3968,0.00907258,0,0
1781866670.812378,0.0923051,0.195871,-0.976276,0,0,1,0.0325521,0.613021,1,0.0325521,0.613021,40,4096,0.00976562,0,0
1781866670.862077,0.105315,0.234917,-0.966293,0,0,1,0.0383255,0.61533,1,0.0383255,0.61533,39,3392,0.0114976,0,0
1781866670.917785,0.122442,0.23629,-0.963937,0,0,1,0.035066,0.614026,1,0.035066,0.614026,34,3232,0.0105198,0,0
1781866670.961531,0.138702,0.24687,-0.959071,0,0,1,0.0360801,0.614432,1,0.0360801,0.614432,31,2864,0.010824,0,0
1781866671.011329,0.228027,0.32017,-0.919508,0,0,1,0.0355392,0.614216,1,0.0355392,0.614216,29,2720,0.0106618,0,0
1781866671.061146,0.167265,0.204993,-0.964365,0,0,1,0.0357143,0.614286,1,0.0357143,0.614286,30,2800,0.0107143,0,0
1781866671.110779,0.153513,0.125887,-0.980095,0,0,1,0.0328283,0.613131,1,0.0328283,0.613131,26,2640,0.00984848,0,0
1781866671.160740,0.193405,0.169001,-0.966454,0,0,1,0.0452303,0.618092,1,0.0452303,0.618092,33,2432,0.0135691,0,0
1781866671.210799,0.278755,0.196501,-0.940045,0,0,1,0.0378788,0.615152,1,0.0378788,0.615152,30,2640,0.0113636,0,0
1781866671.260750,0.244835,0.189456,-0.950875,0,0,1,0.0421627,0.616865,1,0.0421627,0.616865,34,2688,0.0126488,0,0
1781866671.310808,0.18778,0.132478,-0.973236,0,0,1,0.0426707,0.617068,1,0.0426707,0.617068,34,2656,0.0128012,0,0
1781866671.460794,0.275378,0.171202,-0.945969,0,0,1,0.0333868,0.613355,1,0.0333868,0.613355,25,2496,0.010016,0,0
1781866671.510819,0.322296,0.187745,-0.927835,0,0,1,0.0367647,0.614706,1,0.0367647,0.614706,30,2720,0.0110294,0,0
1781866671.560770,0.240613,0.0689312,-0.968171,0,0,1,0.0398452,0.615938,1,0.0398452,0.615938,35,2928,0.0119536,0,0
1781866671.610789,0.126945,-0.0356895,-0.991268,0,0,1,0.0361842,0.614474,1,0.0361842,0.614474,33,3040,0.0108553,0,0
1781866671.660805,0.0886211,-0.102587,-0.990769,0,0,1,0.0284091,0.611364,1,0.0284091,0.611364,24,2816,0.00852273,0,0
1781866671.710821,0.0342956,-0.199426,-0.979313,0,0,1,0.0390625,0.615625,1,0.0390625,0.615625,30,2560,0.0117188,0,0
1781866671.760832,0.00524526,-0.23871,-0.971077,0,0,1,0.0327035,0.613081,1,0.0327035,0.613081,27,2752,0.00981105,0,0
1781866671.811228,-0.32198,-0.597524,-0.734366,0,0,1,0.0542005,0.62168,1,0.0542005,0.62168,64,3936,0.0162602,0,0
1781866671.861222,-0.311617,-0.583405,-0.750023,0,0,1,0.0730241,0.62921,1,0.0730241,0.62921,68,3104,0.0219072,0,0
1781866671.911250,-0.25008,-0.538589,-0.804601,0,0,1,0.0600962,0.624038,1,0.0600962,0.624038,45,2496,0.0180288,0,0
1781866671.961217,-0.263138,-0.54021,-0.799332,0,0,1,0.0426707,0.617068,1,0.0426707,0.617068,34,2656,0.0128012,0,0
1781866672.011256,-0.254334,-0.471399,-0.844451,0,0,1,0.0416667,0.616667,1,0.0416667,0.616667,34,2720,0.0125,0,0
1781866672.061250,-0.270749,-0.408528,-0.871665,0,0,1,0.0412326,0.616493,1,0.0412326,0.616493,38,3072,0.0123698,0,0
1781866672.111277,-0.148884,-0.334474,-0.93057,0,0,1,0.0520833,0.620833,1,0.0520833,0.620833,60,3840,0.015625,0,0
1781866672.311281,0.000409267,-0.122629,-0.992452,0,0,1,0.0400291,0.616012,1,0.0400291,0.616012,44,3664,0.0120087,0,0
1781866672.361703,0.0195264,-0.0999257,-0.994804,0,0,1,0.0622815,0.624913,1,0.0622815,0.624913,171,9152,0.0186844,0,0
1781866672.412078,0.0147285,-0.0599254,-0.998094,0,0,1,0.0580601,0.623224,1,0.0580601,0.623224,136,7808,0.017418,0,0
1781866672.461715,0.0820486,-0.0023255,-0.996626,0,0,1,0.0607993,0.62432,1,0.0607993,0.62432,143,7840,0.0182398,0,0
1781866672.511807,0.106094,0.0548094,-0.992844,0,0,1,0.0593912,0.623756,1,0.0593912,0.623756,128,7184,0.0178174,0,0
1781866672.561695,0.152937,0.0934834,-0.983805,0,0,1,0.0560897,0.622436,1,0.0560897,0.622436,119,7072,0.0168269,0,0
1781866672.611841,0.216163,0.141198,-0.966094,0,0,1,0.0541258,0.62165,1,0.0541258,0.62165,106,6528,0.0162377,0,0
1781866672.661736,0.351929,0.196023,-0.915271,0,0,1,0.0523711,0.620948,1,0.0523711,0.620948,91,5792,0.0157113,0,0
1781866672.711745,0.436364,0.212556,-0.874304,0,0,1,0.0740232,0.629609,1,0.0740232,0.629609,97,4368,0.022207,0,0
1781866672.761728,0.471044,0.274655,-0.838262,0,0,1,0.0905797,0.636232,1,0.0905797,0.636232,80,2944,0.0271739,0,0
1781866672.811771,0.463064,0.304434,-0.832401,0,0,1,0.074171,0.629668,1,0.074171,0.629668,68,3056,0.0222513,0,0
1781866672.861739,0.510359,0.322183,-0.797328,0,0,1,0.0739982,0.629599,1,0.0739982,0.629599,65,2928,0.0221995,0,0
1781866672.911750,0.542774,0.383973,-0.746968,0,0,1,0.0961538,0.638462,1,0.0961538,0.638462,66,2288,0.0288462,0,0
1781866673.011517,0.479678,0.386868,-0.787554,0,0,1,0.0352823,0.614113,1,0.0352823,0.614113,21,1984,0.0105847,0,0
1781866673.211648,0.219632,0.331474,-0.917544,0,0,1,0,0.6,1,0,0.6,14,1104,0.0126812,0,0
1781866673.261439,0.221938,0.329757,-0.917608,0,0,1,0,0.6,1,0,0.6,17,2288,0.00743007,0,0
1781866673.311637,0.284418,0.428427,-0.857646,0,0,1,0,0.6,1,0,0.6,19,2224,0.00854317,0,0
1781866673.361428,0.297828,0.465515,-0.833423,0,0,1,0,0.6,1,0,0.6,19,2304,0.00824653,0,0
1781866673.461553,-0.0212912,-0.0885616,-0.995843,0,0,1,0.0471915,0.618877,1,0.0471915,0.618877,41,2896,0.0141575,0,0
1781866673.511782,0.0133148,-0.0857377,-0.996229,0,0,1,0.0483247,0.61933,1,0.0483247,0.61933,45,3104,0.0144974,0,0
1781866673.561457,0.0859147,0.00793429,-0.996271,0,0,1,0.0488946,0.619558,1,0.0488946,0.619558,46,3136,0.0146684,0,0
1781866673.611483,0.0829509,-0.0126716,-0.996473,0,0,1,0.0520833,0.620833,1,0.0520833,0.620833,43,2752,0.015625,0,0
1781866673.661502,0.0624508,-0.0797306,-0.994859,0,0,1,0.0442573,0.617703,1,0.0442573,0.617703,41,3088,0.0132772,0,0
1781866673.711462,0.0274398,-0.0930533,-0.995283,0,0,1,0.0456774,0.618271,1,0.0456774,0.618271,41,2992,0.0137032,0,0
1781866673.761854,0.0364978,-0.0507344,-0.998045,0,0,1,0.0460829,0.618433,1,0.0460829,0.618433,48,3472,0.0138249,0,0
1781866673.811925,0.0499962,-0.113038,-0.992332,0,0,1,0.0422705,0.616908,1,0.0422705,0.616908,42,3312,0.0126812,0,0
1781866673.911477,0.0654972,-0.120944,-0.990496,0,0,1,0.0325203,0.613008,1,0.0325203,0.613008,32,3280,0.0097561,0,0
1781866674.211954,0.10541,-0.144533,-0.983869,0,0,1,0.0367063,0.614683,1,0.0367063,0.614683,37,3360,0.0110119,0,0
1781866674.261546,0.128073,-0.0944106,-0.987261,0,0,1,0.0332361,0.613294,1,0.0332361,0.613294,41,4112,0.00997082,0,0
1781866674.311146,-0.318586,-0.525353,-0.788991,0,0,1,0.038036,0.615214,1,0.038036,0.615214,44,3856,0.0114108,0,0
1781866674.361289,-0.241185,-0.483346,-0.84155,0,0,1,0.0323276,0.612931,1,0.0323276,0.612931,27,2784,0.00969828,0,0
1781866674.411135,-0.237198,-0.476457,-0.846597,0,0,1,0.0422705,0.616908,1,0.0422705,0.616908,42,3312,0.0126812,0,0
1781866674.461172,-0.231429,-0.327676,-0.916007,0,0,1,0.0505737,0.620229,1,0.0505737,0.620229,67,4416,0.0151721,0,0
1781866674.511681,-0.174714,-0.251177,-0.952043,0,0,1,0.0473485,0.618939,1,0.0473485,0.618939,65,4576,0.0142045,0,0
1781866674.561615,-0.128041,-0.164318,-0.978062,0,0,1,0.0363757,0.61455,1,0.0363757,0.61455,55,5040,0.0109127,0,0
1781866674.611595,-0.132143,-0.165108,-0.977383,0,0,1,0.0347222,0.613889,1,0.0347222,0.613889,55,5280,0.0104167,0,0
1781866674.661578,-0.0567088,-0.0234689,-0.998115,0,0,1,0.0496291,0.619852,1,0.0496291,0.619852,91,6112,0.0148887,0,0
1781866674.711627,-0.0619802,-0.0682169,-0.995743,0,0,1,0.0419776,0.616791,1,0.0419776,0.616791,54,4288,0.0125933,0,0
1781866674.761603,-0.000773865,0.081543,-0.99667,0,0,1,0.0641397,0.625656,1,0.0641397,0.625656,133,6912,0.0192419,0,0
1781866674.811638,0.0484363,0.143734,-0.988431,0,0,1,0.0342742,0.61371,1,0.0342742,0.61371,51,4960,0.0102823,0,0
1781866674.962006,0.216411,0.332661,-0.91788,0,0,1,0.0466954,0.618678,1,0.0466954,0.618678,78,5568,0.0140086,0,0
1781866675.012436,0.161028,0.277384,-0.947169,0,0,1,0.0469653,0.618786,1,0.0469653,0.618786,39,2768,0.0140896,0,0
1781866675.062431,0.123065,0.315821,-0.940804,0,0,1,0.0381944,0.615278,1,0.0381944,0.615278,44,3840,0.0114583,0,0
1781866675.112850,0.156339,0.288577,-0.944606,0,0,1,0.0385802,0.615432,1,0.0385802,0.615432,40,3456,0.0115741,0,0
1781866675.162492,0.131943,0.223411,-0.965753,0,0,1,0.0412913,0.616517,1,0.0412913,0.616517,44,3552,0.0123874,0,0
1781866675.212430,0.12689,0.197784,-0.971998,0,0,1,0.0315657,0.612626,1,0.0315657,0.612626,45,4752,0.0094697,0,0
1781866675.262443,0.128402,0.216435,-0.967817,0,0,1,0.0326655,0.613066,1,0.0326655,0.613066,45,4592,0.00979965,0,0
1781866675.312083,0.177421,0.2311,-0.956616,0,0,1,0.0282357,0.611294,1,0.0282357,0.611294,37,4368,0.0084707,0,0
1781866675.362081,0.214467,0.244387,-0.945663,0,0,1,0.0353925,0.614157,1,0.0353925,0.614157,44,4144,0.0106178,0,0
1781866675.411724,0.162978,0.161265,-0.973361,0,0,1,0.035,0.614,1,0.035,0.614,42,4000,0.0105,0,0
1781866675.461367,0.265893,0.271657,-0.924934,0,0,1,0.0250627,0.610025,1,0.0250627,0.610025,32,4256,0.0075188,0,0
1781866675.510585,0.258811,0.224133,-0.939564,0,0,1,0.0302419,0.612097,1,0.0302419,0.612097,36,3968,0.00907258,0,0
1781866675.560075,0.315784,0.392559,-0.863816,0,0,1,0.0216113,0.608645,1,0.0216113,0.608645,25,3856,0.0064834,0,0
1781866675.609690,0.232694,0.267225,-0.935117,0,0,1,0.0323625,0.612945,1,0.0323625,0.612945,32,3296,0.00970874,0,0
1781866675.808900,0.236624,0.218563,-0.946699,0,0,1,0.0357435,0.614297,1,0.0357435,0.614297,35,3264,0.010723,0,0
1781866675.858510,0.171378,0.0468232,-0.984092,0,0,1,0.0352405,0.614096,1,0.0352405,0.614096,34,3216,0.0105721,0,0
1781866675.908552,0.175679,0.0392881,-0.983663,0,0,1,0.0400291,0.616012,1,0.0400291,0.616012,44,3664,0.0120087,0,0
1781866675.958552,0.203836,0.0695532,-0.976531,0,0,1,0.0396006,0.61584,1,0.0396006,0.61584,46,3872,0.0118802,0,0
1781866676.008964,0.261672,0.150894,-0.953288,0,0,1,0.0409226,0.616369,1,0.0409226,0.616369,44,3584,0.0122768,0,0
1781866676.058962,0.23493,0.0455621,-0.970944,0,0,1,0.040625,0.61625,1,0.040625,0.61625,39,3200,0.0121875,0,0
1781866676.108942,0.123908,-0.135935,-0.982939,0,0,1,0.0439602,0.617584,1,0.0439602,0.617584,46,3488,0.0131881,0,0
1781866676.159732,0.0945345,-0.16024,-0.982541,0,0,1,0.0456621,0.618265,1,0.0456621,0.618265,48,3504,0.0136986,0,0
1781866676.209789,0.166115,-0.0582066,-0.984387,0,0,1,0.0472608,0.618904,1,0.0472608,0.618904,49,3456,0.0141782,0,0
1781866676.259805,0.164551,-0.0313295,-0.985871,0,0,1,0.0414485,0.616579,1,0.0414485,0.616579,38,3056,0.0124346,0,0
1781866676.310163,0.0976117,-0.134319,-0.986119,0,0,1,0.0392025,0.615681,1,0.0392025,0.615681,35,2976,0.0117608,0,0
1781866676.360232,0.0768636,-0.190798,-0.978615,0,0,1,0.0300687,0.612027,1,0.0300687,0.612027,28,3104,0.00902062,0,0
1781866676.410264,0.0147591,-0.183492,-0.98291,0,0,1,0.0294811,0.611792,1,0.0294811,0.611792,30,3392,0.00884434,0,0
1781866676.510599,-0.15454,-0.582554,-0.797965,0,0,1,0.0497312,0.619892,1,0.0497312,0.619892,74,4960,0.0149194,0,0
1781866676.761046,-0.114432,-0.539701,-0.834044,0,0,1,0.0375683,0.615027,1,0.0375683,0.615027,33,2928,0.0112705,0,0
1781866676.811574,-0.106718,-0.4691,-0.876674,0,0,1,0.0355691,0.614228,1,0.0355691,0.614228,35,3280,0.0106707,0,0
1781866676.861441,-0.0286116,-0.414419,-0.909637,0,0,1,0.0375536,0.615021,1,0.0375536,0.615021,42,3728,0.0112661,0,0
1781866676.911621,-0.0492205,-0.420645,-0.905889,0,0,1,0.0358527,0.614341,1,0.0358527,0.614341,37,3440,0.0107558,0,0
1781866676.961450,0.00604374,-0.410774,-0.911717,0,0,1,0.0326305,0.613052,1,0.0326305,0.613052,26,2656,0.00978916,0,0
1781866677.011711,-0.0208257,-0.442543,-0.896506,0,0,1,0.0345092,0.613804,1,0.0345092,0.613804,27,2608,0.0103528,0,0
1781866677.061871,0.00276323,-0.379705,-0.925103,0,0,1,0.0357873,0.614315,1,0.0357873,0.614315,28,2608,0.0107362,0,0
1781866677.111906,-0.0402411,-0.370908,-0.927797,0,0,1,0.0406805,0.616272,1,0.0406805,0.616272,33,2704,0.0122041,0,0
1781866677.161884,-0.0164478,-0.309967,-0.950605,0,0,1,0.0403226,0.616129,1,0.0403226,0.616129,30,2480,0.0120968,0,0
1781866677.212038,-0.0410187,-0.27348,-0.961003,0,0,1,0.0437243,0.61749,1,0.0437243,0.61749,34,2592,0.0131173,0,0
1781866677.261537,-0.000163088,-0.231564,-0.972819,0,0,1,0.0380824,0.615233,1,0.0380824,0.615233,34,2976,0.0114247,0,0
1781866677.311765,0.0850143,-0.146367,-0.985571,0,0,1,0.041423,0.616569,1,0.041423,0.616569,34,2736,0.0124269,0,0
1781866677.363247,0.113877,-0.0756452,-0.990611,0,0,1,0.0422297,0.616892,1,0.0422297,0.616892,30,2368,0.0126689,0,0
1781866677.461255,0.11839,-0.051303,-0.991641,0,0,1,0.0507703,0.620308,1,0.0507703,0.620308,29,1904,0.0152311,0,0
1781866677.710767,0.128648,0.0345381,-0.991089,0,0,1,0,0.6,1,0,0.6,19,1088,0.0174632,0,0
1781866677.760369,0.132766,0.0642392,-0.989063,0,0,1,0.0870647,0.634826,1,0.0870647,0.634826,28,1072,0.0261194,0,0
1781866677.810422,0.134963,0.0436823,-0.989887,0,0,1,0.082672,0.633069,1,0.082672,0.633069,25,1008,0.0248016,0,0
1781866677.860373,0.145712,0.0475212,-0.988185,0,0,1,0.0827206,0.633088,1,0.0827206,0.633088,27,1088,0.0248162,0,0
1781866677.910412,0.139546,0.0663597,-0.98799,0,0,1,0.0810185,0.632407,1,0.0810185,0.632407,28,1152,0.0243056,0,0
1781866677.960426,0.133799,0.076819,-0.988027,0,0,1,0.0907258,0.63629,1,0.0907258,0.63629,27,992,0.0272177,0,0
1781866678.011342,0.13758,0.0584312,-0.988766,0,0,1,0.0819672,0.632787,1,0.0819672,0.632787,24,976,0.0245902,0,0
1781866678.060791,0.15633,0.0957144,-0.983057,0,0,1,0.0819672,0.632787,1,0.0819672,0.632787,24,976,0.0245902,0,0
1781866678.111908,0.155407,0.100733,-0.982701,0,0,1,0.0833333,0.633333,1,0.0833333,0.633333,24,960,0.025,0,0
1781866678.160836,0.153314,0.116054,-0.981339,0,0,1,0,0.6,1,0,0.6,18,816,0.0220588,0,0
1781866678.210835,0.153149,0.123947,-0.980399,0,0,1,0.115132,0.646053,1,0.115132,0.646053,21,608,0.0345395,0,0
1781866678.260833,0.160776,0.239628,-0.95746,0,0,1,0,0.6,1,0,0.6,18,720,0.025,0,0
1781866678.310857,-0.502435,-0.156603,-0.850315,0,0,1,0,0.6,1,0,0.6,12,720,0.0166667,0,0
1781866678.461686,-0.246397,0.0711329,-0.966555,0,0,1,0,0.6,1,0,0.6,6,464,0.012931,0,0
1781866678.511662,-0.270143,0.13175,-0.953764,0,0,1,0,0.6,1,0,0.6,16,1792,0.00892857,0,0
1781866678.561689,-0.34436,0.0380841,-0.938065,0,0,1,0.0289352,0.611574,1,0.0289352,0.611574,20,2304,0.00868056,0,0
1781866678.611736,-0.260177,0.0746958,-0.962667,0,0,1,0,0.6,1,0,0.6,14,1856,0.0075431,0,0
1781866678.661667,-0.246003,0.174482,-0.953435,0,0,1,0.0263713,0.610549,1,0.0263713,0.610549,20,2528,0.00791139,0,0
1781866678.711721,-0.265823,0.157613,-0.95105,0,0,1,0,0.6,1,0,0.6,17,2640,0.00643939,0,0
1781866678.761704,0.0265623,0.668255,-0.743458,0,0,1,0.0657895,0.626316,1,0.0657895,0.626316,54,2736,0.0197368,0,0
1781866678.811723,0.0269281,0.634281,-0.772633,0,0,1,0.120664,0.648265,1,0.120664,0.648265,128,3536,0.0361991,0,0
1781866678.861823,0.0313927,0.598661,-0.800387,0,0,1,0.11917,0.647668,1,0.11917,0.647668,139,3888,0.035751,0,0
1781866678.911717,0.0203417,0.56901,-0.822079,0,0,1,0.128086,0.651235,1,0.128086,0.651235,166,4320,0.0384259,0,0
