timestamp,nx,ny,nz,qx,qy,qz,roll,pitch,pub_vis_score,pub_inlier_score,pub_combined_score,curr_vis_score,curr_inlier_score,curr_combined_score,inlier_count,subcloud_size,inlier_ratio,using_fallback,search_radius
1774618630.668503046,0.023272,0.031949,-0.999219,0.000124,0.008994,-0.135149,176.594751,-3.919556,0.0460,1.0000,0.4276,0.0460,1.0000,0.4276,175,175,1.000000,0,2.0000
1774618630.718502998,0.018124,0.027690,-0.999452,0.001354,0.009753,-0.135485,176.575131,-3.935990,0.0463,1.0000,0.4278,0.0463,1.0000,0.4278,334,334,1.000000,0,2.0000
1774618630.768076897,0.022937,0.030953,-0.999258,0.000394,0.009213,-0.135312,176.566238,-3.932813,0.0463,1.0000,0.4278,0.0463,1.0000,0.4278,375,375,1.000000,0,2.0000
1774618630.818097115,0.027177,0.035358,-0.999005,-0.002306,0.007316,-0.135983,176.642169,-3.918805,0.0457,1.0000,0.4274,0.0457,1.0000,0.4274,399,399,1.000000,0,2.0000
1774618630.868110895,0.028312,0.031168,-0.999113,-0.000890,0.008652,-0.136022,176.563576,-3.957025,0.0465,1.0000,0.4279,0.0465,1.0000,0.4279,427,427,1.000000,0,2.0000
1774618630.918114901,0.029305,0.033244,-0.999018,-0.001168,0.008808,-0.135324,176.577876,-3.927066,0.0462,1.0000,0.4277,0.0462,1.0000,0.4277,460,460,1.000000,0,2.0000
1774618630.968518019,0.026811,0.033289,-0.999086,0.000608,0.010124,-0.135618,176.578436,-3.942848,0.0463,1.0000,0.4278,0.0463,1.0000,0.4278,474,474,1.000000,0,2.0000
1774618631.018127918,0.026409,0.033827,-0.999079,0.000209,0.008748,-0.135499,176.595094,-3.923604,0.0461,1.0000,0.4276,0.0461,1.0000,0.4276,485,485,1.000000,0,2.0000
1774618631.068114042,0.028329,0.035631,-0.998963,-0.004516,0.007194,-0.135647,176.620166,-3.911168,0.0458,1.0000,0.4275,0.0458,1.0000,0.4275,500,500,1.000000,0,2.0000
1774618631.118120909,0.026380,0.036467,-0.998987,-0.000410,0.008616,-0.135656,176.612065,-3.913447,0.0459,1.0000,0.4275,0.0459,1.0000,0.4275,514,514,1.000000,0,2.0000
1774618631.168148041,0.025375,0.038229,-0.998947,-0.000835,0.009027,-0.135532,176.576345,-3.938247,0.0463,1.0000,0.4278,0.0463,1.0000,0.4278,523,523,1.000000,0,2.0000
1774618631.218157053,0.026112,0.038003,-0.998936,-0.001435,0.008316,-0.135506,176.579517,-3.931266,0.0462,1.0000,0.4277,0.0462,1.0000,0.4277,531,531,1.000000,0,2.0000
1774618631.268138885,0.025161,0.037939,-0.998963,-0.001101,0.007890,-0.135734,176.616595,-3.920205,0.0459,1.0000,0.4275,0.0459,1.0000,0.4275,536,536,1.000000,0,2.0000
1774618631.318140030,0.024393,0.039078,-0.998938,-0.001632,0.009262,-0.135210,176.529884,-3.953475,0.0467,1.0000,0.4280,0.0467,1.0000,0.4280,550,550,1.000000,0,2.0000
1774618631.368175983,0.025182,0.039220,-0.998913,-0.002357,0.009000,-0.135250,176.547780,-3.948511,0.0466,1.0000,0.4279,0.0466,1.0000,0.4279,558,558,1.000000,0,2.0000
1774618631.418163061,0.026127,0.039200,-0.998890,-0.000649,0.008869,-0.135368,176.593277,-3.928058,0.0461,1.0000,0.4277,0.0461,1.0000,0.4277,565,565,1.000000,0,2.0000
1774618631.468173981,0.025684,0.039276,-0.998898,-0.001516,0.007560,-0.135574,176.637700,-3.908684,0.0457,1.0000,0.4274,0.0457,1.0000,0.4274,570,570,1.000000,0,2.0000
1774618631.518187046,0.025823,0.040117,-0.998861,-0.002444,0.008404,-0.135367,176.530039,-3.961063,0.0468,1.0000,0.4281,0.0468,1.0000,0.4281,574,574,1.000000,0,2.0000
1774618631.568191051,0.024928,0.040561,-0.998866,-0.002040,0.008315,-0.135107,176.541527,-3.950242,0.0466,1.0000,0.4280,0.0466,1.0000,0.4280,583,583,1.000000,0,2.0000
1774618631.618204117,0.025405,0.039396,-0.998901,-0.001525,0.008559,-0.135400,176.553346,-3.946574,0.0465,1.0000,0.4279,0.0465,1.0000,0.4279,585,585,1.000000,0,2.0000
1774618631.668225050,0.025850,0.039634,-0.998880,-0.001913,0.008323,-0.135278,176.545101,-3.947239,0.0466,1.0000,0.4279,0.0466,1.0000,0.4279,586,586,1.000000,0,2.0000
1774618631.718211889,0.024401,0.040954,-0.998863,-0.000772,0.009226,-0.134874,176.535009,-3.948139,0.0466,1.0000,0.4280,0.0466,1.0000,0.4280,594,594,1.000000,0,2.0000
1774618631.768210888,0.026360,0.040176,-0.998845,-0.002066,0.008163,-0.135413,176.562648,-3.942746,0.0464,1.0000,0.4279,0.0464,1.0000,0.4279,594,594,1.000000,0,2.0000
1774618631.818240881,0.025311,0.042145,-0.998791,-0.002529,0.008866,-0.134897,176.569782,-3.937970,0.0463,1.0000,0.4278,0.0463,1.0000,0.4278,600,600,1.000000,0,2.0000
1774618631.868216038,0.025562,0.040355,-0.998858,-0.001492,0.008758,-0.135673,176.610918,-3.923405,0.0460,1.0000,0.4276,0.0460,1.0000,0.4276,602,602,1.000000,0,2.0000
1774618631.918229103,0.025537,0.039722,-0.998884,-0.000683,0.008444,-0.135374,176.594895,-3.919756,0.0460,1.0000,0.4276,0.0460,1.0000,0.4276,603,603,1.000000,0,2.0000
1774618631.968241930,0.026132,0.039981,-0.998859,-0.001709,0.007970,-0.135525,176.624727,-3.911495,0.0458,1.0000,0.4275,0.0458,1.0000,0.4275,605,605,1.000000,0,2.0000
1774618632.018249989,0.026795,0.039480,-0.998861,-0.002131,0.008148,-0.135526,176.615839,-3.916736,0.0459,1.0000,0.4275,0.0459,1.0000,0.4275,607,607,1.000000,0,2.0000
1774618632.068238974,0.025530,0.039855,-0.998879,-0.000272,0.009215,-0.135552,176.572781,-3.932086,0.0463,1.0000,0.4278,0.0463,1.0000,0.4278,616,616,1.000000,0,2.0000
1774618632.118268967,0.024997,0.041140,-0.998841,-0.001656,0.009427,-0.134833,176.565353,-3.921993,0.0463,1.0000,0.4278,0.0463,1.0000,0.4278,621,621,1.000000,0,2.0000
1774618632.168262005,0.025578,0.041000,-0.998832,-0.001046,0.009397,-0.135113,176.562692,-3.937943,0.0464,1.0000,0.4278,0.0464,1.0000,0.4278,625,625,1.000000,0,2.0000
1774618632.218257904,0.026550,0.039958,-0.998849,-0.003318,0.008302,-0.135577,176.594491,-3.924633,0.0461,1.0000,0.4277,0.0461,1.0000,0.4277,625,625,1.000000,0,2.0000
1774618632.268260956,0.026560,0.040147,-0.998841,-0.002674,0.008248,-0.135527,176.590564,-3.927011,0.0461,1.0000,0.4277,0.0461,1.0000,0.4277,629,629,1.000000,0,2.0000
1774618632.318263054,0.024920,0.041194,-0.998840,-0.001534,0.009014,-0.135199,176.570365,-3.929058,0.0463,1.0000,0.4278,0.0463,1.0000,0.4278,639,639,1.000000,0,2.0000
1774618632.368282080,0.026328,0.040682,-0.998825,-0.001825,0.008155,-0.135856,176.618829,-3.918363,0.0459,1.0000,0.4275,0.0459,1.0000,0.4275,641,641,1.000000,0,2.0000
1774618632.418308973,0.025983,0.041122,-0.998816,-0.000981,0.008936,-0.135365,176.570208,-3.939414,0.0463,1.0000,0.4278,0.0463,1.0000,0.4278,644,644,1.000000,0,2.0000
1774618632.468291044,0.025272,0.041058,-0.998837,0.000937,0.009528,-0.135298,176.586274,-3.925137,0.0461,1.0000,0.4277,0.0461,1.0000,0.4277,647,647,1.000000,0,2.0000
1774618632.518316984,0.026006,0.041270,-0.998810,-0.001351,0.008280,-0.135580,176.582108,-3.931979,0.0462,1.0000,0.4277,0.0462,1.0000,0.4277,647,647,1.000000,0,2.0000
1774618632.568310976,0.026549,0.040831,-0.998813,-0.003265,0.007592,-0.135581,176.608105,-3.918736,0.0460,1.0000,0.4276,0.0460,1.0000,0.4276,648,648,1.000000,0,2.0000
1774618632.618313074,0.025997,0.040867,-0.998826,-0.001610,0.008926,-0.135373,176.545634,-3.946360,0.0466,1.0000,0.4279,0.0466,1.0000,0.4279,654,654,1.000000,0,2.0000
1774618632.668299913,0.024760,0.042127,-0.998805,-0.000977,0.008725,-0.134657,176.603399,-3.912677,0.0459,1.0000,0.4276,0.0459,1.0000,0.4276,659,659,1.000000,0,2.0000
1774618632.718311071,0.026167,0.040231,-0.998848,-0.001027,0.007750,-0.135640,176.633000,-3.903937,0.0457,1.0000,0.4274,0.0457,1.0000,0.4274,657,657,1.000000,0,2.0000
1774618632.768316984,0.025557,0.040198,-0.998865,-0.000207,0.008941,-0.135351,176.577724,-3.927892,0.0462,1.0000,0.4277,0.0462,1.0000,0.4277,659,659,1.000000,0,2.0000
1774618632.818340063,0.026324,0.040808,-0.998820,-0.003187,0.008432,-0.135476,176.538963,-3.955433,0.0467,1.0000,0.4280,0.0467,1.0000,0.4280,657,657,1.000000,0,2.0000
1774618632.868324041,0.025972,0.040479,-0.998843,-0.001713,0.008743,-0.135391,176.564224,-3.942094,0.0464,1.0000,0.4278,0.0464,1.0000,0.4278,660,660,1.000000,0,2.0000
1774618632.918344021,0.024958,0.041422,-0.998830,-0.001333,0.008788,-0.135034,176.586350,-3.922348,0.0461,1.0000,0.4277,0.0461,1.0000,0.4277,666,666,1.000000,0,2.0000
1774618632.968363047,0.025007,0.039946,-0.998889,-0.002495,0.008398,-0.135447,176.600440,-3.916180,0.0460,1.0000,0.4276,0.0460,1.0000,0.4276,665,665,1.000000,0,2.0000
1774618633.018342972,0.023971,0.040001,-0.998912,-0.000386,0.009503,-0.135304,176.569472,-3.935634,0.0463,1.0000,0.4278,0.0463,1.0000,0.4278,670,670,1.000000,0,2.0000
1774618633.068370104,0.024239,0.039695,-0.998918,-0.000783,0.008741,-0.135273,176.596493,-3.922682,0.0461,1.0000,0.4276,0.0461,1.0000,0.4276,670,670,1.000000,0,2.0000
1774618633.118372917,0.023018,0.040693,-0.998907,0.001134,0.009666,-0.135210,176.600884,-3.922557,0.0460,1.0000,0.4276,0.0460,1.0000,0.4276,673,673,1.000000,0,2.0000
1774618633.168366909,0.023303,0.041783,-0.998855,-0.001702,0.008838,-0.135102,176.551344,-3.940446,0.0465,1.0000,0.4279,0.0465,1.0000,0.4279,677,677,1.000000,0,2.0000
1774618633.218394995,0.024243,0.039978,-0.998906,-0.001164,0.008606,-0.135526,176.595121,-3.920131,0.0461,1.0000,0.4276,0.0461,1.0000,0.4276,674,674,1.000000,0,2.0000
1774618633.268395901,0.024439,0.040421,-0.998884,-0.001155,0.008782,-0.135766,176.582612,-3.946019,0.0463,1.0000,0.4278,0.0463,1.0000,0.4278,678,678,1.000000,0,2.0000
1774618633.318409920,0.024496,0.041181,-0.998851,-0.002292,0.008519,-0.135236,176.566113,-3.940950,0.0464,1.0000,0.4278,0.0464,1.0000,0.4278,680,680,1.000000,0,2.0000
1774618633.368400097,0.023632,0.040267,-0.998909,-0.000021,0.009424,-0.135206,176.591197,-3.926173,0.0461,1.0000,0.4277,0.0461,1.0000,0.4277,682,682,1.000000,0,2.0000
1774618633.418390989,0.023676,0.041494,-0.998858,-0.001186,0.008689,-0.135076,176.589744,-3.928803,0.0461,1.0000,0.4277,0.0461,1.0000,0.4277,687,687,1.000000,0,2.0000
1774618633.468159914,0.024711,0.040198,-0.998886,-0.001943,0.008133,-0.135607,176.616810,-3.915588,0.0459,1.0000,0.4275,0.0459,1.0000,0.4275,684,684,1.000000,0,2.0000
1774618633.518042088,0.023884,0.042397,-0.998815,-0.003645,0.009606,-0.134794,176.547740,-3.940696,0.0465,1.0000,0.4279,0.0465,1.0000,0.4279,693,693,1.000000,0,2.0000
1774618633.568434000,0.024401,0.040180,-0.998894,-0.001624,0.008583,-0.135394,176.568302,-3.933304,0.0463,1.0000,0.4278,0.0463,1.0000,0.4278,696,696,1.000000,0,2.0000
1774618633.618025064,0.024956,0.040161,-0.998882,-0.001916,0.007841,-0.135677,176.620095,-3.910226,0.0458,1.0000,0.4275,0.0458,1.0000,0.4275,696,696,1.000000,0,2.0000
1774618633.668035984,0.024021,0.040882,-0.998875,-0.002106,0.008387,-0.135243,176.580902,-3.928229,0.0462,1.0000,0.4277,0.0462,1.0000,0.4277,703,703,1.000000,0,2.0000
1774618633.718034983,0.024031,0.041011,-0.998870,0.000989,0.009410,-0.135434,176.589142,-3.927014,0.0461,1.0000,0.4277,0.0461,1.0000,0.4277,706,706,1.000000,0,2.0000
1774618633.768038988,0.024795,0.041631,-0.998825,-0.002359,0.008509,-0.135381,176.599813,-3.927797,0.0461,1.0000,0.4276,0.0461,1.0000,0.4276,705,705,1.000000,0,2.0000
1774618633.818077087,0.023943,0.041012,-0.998872,-0.001592,0.008519,-0.135214,176.566551,-3.935805,0.0463,1.0000,0.4278,0.0463,1.0000,0.4278,710,710,1.000000,0,2.0000
1774618633.868081093,0.024159,0.042709,-0.998795,-0.003309,0.009074,-0.134678,176.518140,-3.954946,0.0468,1.0000,0.4281,0.0468,1.0000,0.4281,713,713,1.000000,0,2.0000
1774618633.918095112,0.024819,0.041255,-0.998840,-0.002170,0.008801,-0.135318,176.546383,-3.948004,0.0466,1.0000,0.4279,0.0466,1.0000,0.4279,714,714,1.000000,0,2.0000
1774618633.968081951,0.025244,0.040880,-0.998845,-0.003049,0.008092,-0.135525,176.568602,-3.936360,0.0463,1.0000,0.4278,0.0463,1.0000,0.4278,713,713,1.000000,0,2.0000
1774618634.018079996,0.024000,0.042602,-0.998804,-0.001500,0.008768,-0.134984,176.585212,-3.923414,0.0461,1.0000,0.4277,0.0461,1.0000,0.4277,720,720,1.000000,0,2.0000
1774618634.068109989,0.024681,0.041409,-0.998837,-0.001968,0.008204,-0.135424,176.613505,-3.917830,0.0459,1.0000,0.4275,0.0459,1.0000,0.4275,718,718,1.000000,0,2.0000
1774618634.118103981,0.024268,0.041070,-0.998861,-0.000613,0.008800,-0.135319,176.572681,-3.937485,0.0463,1.0000,0.4278,0.0463,1.0000,0.4278,725,725,1.000000,0,2.0000
1774618634.168133974,0.022992,0.042204,-0.998844,0.000285,0.009049,-0.135633,176.581339,-3.931755,0.0462,1.0000,0.4277,0.0462,1.0000,0.4277,732,732,1.000000,0,2.0000
1774618634.218146086,0.020821,0.046779,-0.998688,-0.000774,0.009045,-0.135050,176.546245,-3.945197,0.0466,1.0000,0.4279,0.0466,1.0000,0.4279,752,752,1.000000,0,2.0000
1774618634.268182039,0.020266,0.048137,-0.998635,-0.001827,0.008200,-0.134839,176.591523,-3.917482,0.0461,1.0000,0.4276,0.0461,1.0000,0.4276,759,759,1.000000,0,2.0000
1774618634.318133116,0.019425,0.049942,-0.998563,-0.002723,0.007718,-0.135001,176.596037,-3.921988,0.0461,1.0000,0.4276,0.0461,1.0000,0.4276,769,769,1.000000,0,2.0000
1774618634.368160009,0.017953,0.049869,-0.998594,0.000865,0.008894,-0.135472,176.585660,-3.927689,0.0462,1.0000,0.4277,0.0462,1.0000,0.4277,776,776,1.000000,0,2.0000
1774618634.418175936,0.017461,0.051689,-0.998511,-0.001136,0.009328,-0.135111,176.535615,-3.955885,0.0467,1.0000,0.4280,0.0467,1.0000,0.4280,788,788,1.000000,0,2.0000
1774618634.468162060,0.016683,0.052555,-0.998479,-0.001455,0.009068,-0.134957,176.562175,-3.937143,0.0464,1.0000,0.4278,0.0464,1.0000,0.4278,798,798,1.000000,0,2.0000
1774618634.518174887,0.015354,0.054823,-0.998378,-0.002493,0.008417,-0.135065,176.588718,-3.925915,0.0461,1.0000,0.4277,0.0461,1.0000,0.4277,808,808,1.000000,0,2.0000
1774618634.568161964,0.014522,0.054992,-0.998381,-0.000933,0.009271,-0.135426,176.595453,-3.920272,0.0460,1.0000,0.4276,0.0460,1.0000,0.4276,819,819,1.000000,0,2.0000
1774618634.618241072,0.013891,0.057621,-0.998242,-0.004561,0.007998,-0.134912,176.568989,-3.935902,0.0463,1.0000,0.4278,0.0463,1.0000,0.4278,826,826,1.000000,0,2.0000
1774618634.668157101,0.013420,0.057252,-0.998270,-0.001680,0.008445,-0.135323,176.592580,-3.926309,0.0461,1.0000,0.4277,0.0461,1.0000,0.4277,833,833,1.000000,0,2.0000
1774618634.718216896,0.011559,0.059940,-0.998135,-0.001448,0.008189,-0.134810,176.602255,-3.919072,0.0460,1.0000,0.4276,0.0460,1.0000,0.4276,849,849,1.000000,0,2.0000
1774618634.768187046,0.011003,0.059529,-0.998166,-0.000285,0.008798,-0.135658,176.581636,-3.930249,0.0462,1.0000,0.4277,0.0462,1.0000,0.4277,861,861,1.000000,0,2.0000
1774618634.818188906,0.011224,0.060937,-0.998079,-0.000971,0.007988,-0.135628,176.607068,-3.917508,0.0460,1.0000,0.4276,0.0460,1.0000,0.4276,872,872,1.000000,0,2.0000
1774618634.868247986,0.010588,0.061847,-0.998030,-0.000728,0.008588,-0.135422,176.594658,-3.918741,0.0460,1.0000,0.4276,0.0460,1.0000,0.4276,882,882,1.000000,0,2.0000
1774618634.918200016,0.009914,0.062654,-0.997986,-0.000321,0.008951,-0.135387,176.587937,-3.926033,0.0461,1.0000,0.4277,0.0461,1.0000,0.4277,892,892,1.000000,0,2.0000
1774618634.968200922,0.010559,0.063798,-0.997907,-0.002117,0.007825,-0.135519,176.609133,-3.919510,0.0459,1.0000,0.4276,0.0459,1.0000,0.4276,895,895,1.000000,0,2.0000
1774618635.018233061,0.009236,0.064869,-0.997851,-0.000905,0.009158,-0.134795,176.558809,-3.931854,0.0464,1.0000,0.4278,0.0464,1.0000,0.4278,909,909,1.000000,0,2.0000
1774618635.068254948,0.008988,0.065310,-0.997825,-0.000311,0.009167,-0.135091,176.565887,-3.931340,0.0463,1.0000,0.4278,0.0463,1.0000,0.4278,913,913,1.000000,0,2.0000
1774618635.118257999,0.009897,0.065115,-0.997829,-0.001347,0.008054,-0.135559,176.635586,-3.901163,0.0456,1.0000,0.4274,0.0456,1.0000,0.4274,913,913,1.000000,0,2.0000
1774618635.168241024,0.009338,0.065299,-0.997822,-0.000502,0.009040,-0.135561,176.589698,-3.923555,0.0461,1.0000,0.4277,0.0461,1.0000,0.4277,922,922,1.000000,0,2.0000
1774618635.218257904,0.009525,0.065752,-0.997791,-0.000920,0.009018,-0.135293,176.566678,-3.932728,0.0463,1.0000,0.4278,0.0463,1.0000,0.4278,928,928,1.000000,0,2.0000
1774618635.268291950,0.009572,0.066168,-0.997763,-0.001741,0.008492,-0.135199,176.577267,-3.930739,0.0462,1.0000,0.4277,0.0462,1.0000,0.4277,936,936,1.000000,0,2.0000
1774618635.318243980,0.009400,0.065884,-0.997783,-0.000519,0.009076,-0.135447,176.581388,-3.924984,0.0462,1.0000,0.4277,0.0462,1.0000,0.4277,950,950,1.000000,0,2.0000
1774618635.368288040,0.009493,0.065776,-0.997789,-0.001032,0.008429,-0.135824,176.639544,-3.904687,0.0456,1.0000,0.4274,0.0456,1.0000,0.4274,958,958,1.000000,0,2.0000
1774618635.418262959,0.009592,0.066150,-0.997764,-0.001581,0.008193,-0.135502,176.625450,-3.908892,0.0458,1.0000,0.4275,0.0458,1.0000,0.4275,966,966,1.000000,0,2.0000
1774618635.468291998,0.010057,0.066838,-0.997713,-0.002382,0.007558,-0.135842,176.627421,-3.914451,0.0458,1.0000,0.4275,0.0458,1.0000,0.4275,972,972,1.000000,0,2.0000
1774618635.518275976,0.009805,0.067020,-0.997703,-0.001374,0.007761,-0.135680,176.641396,-3.905912,0.0456,1.0000,0.4274,0.0456,1.0000,0.4274,977,977,1.000000,0,2.0000
1774618635.568310976,0.010063,0.067364,-0.997678,-0.001280,0.007902,-0.135488,176.622326,-3.910827,0.0458,1.0000,0.4275,0.0458,1.0000,0.4275,979,979,1.000000,0,2.0000
1774618635.618318081,0.009580,0.066819,-0.997719,0.000442,0.009209,-0.135497,176.611951,-3.911870,0.0459,1.0000,0.4275,0.0459,1.0000,0.4275,985,985,1.000000,0,2.0000
1774618635.668292999,0.010673,0.066710,-0.997715,0.000059,0.007637,-0.136275,176.699228,-3.877797,0.0451,1.0000,0.4270,0.0451,1.0000,0.4270,990,990,1.000000,0,2.0000
1774618635.718360901,0.010595,0.067063,-0.997692,-0.000400,0.009119,-0.135423,176.582559,-3.930172,0.0462,1.0000,0.4277,0.0462,1.0000,0.4277,993,993,1.000000,0,2.0000
1774618635.768325090,0.010528,0.066988,-0.997698,0.000703,0.009440,-0.135282,176.589238,-3.921493,0.0461,1.0000,0.4277,0.0461,1.0000,0.4277,992,992,1.000000,0,2.0000
1774618635.818321943,0.010978,0.067417,-0.997664,-0.001070,0.008759,-0.135318,176.588138,-3.924430,0.0461,1.0000,0.4277,0.0461,1.0000,0.4277,995,995,1.000000,0,2.0000
1774618635.868324041,0.011632,0.067744,-0.997635,-0.002439,0.007402,-0.135662,176.623040,-3.917478,0.0458,1.0000,0.4275,0.0458,1.0000,0.4275,997,997,1.000000,0,2.0000
1774618635.918360949,0.011405,0.068024,-0.997619,-0.001212,0.008954,-0.135564,176.590803,-3.934554,0.0462,1.0000,0.4277,0.0462,1.0000,0.4277,1002,1002,1.000000,0,2.0000
1774618635.967999935,0.011967,0.068215,-0.997599,-0.002047,0.007452,-0.135543,176.591452,-3.930717,0.0461,1.0000,0.4277,0.0461,1.0000,0.4277,999,999,1.000000,0,2.0000
1774618636.017993927,0.011936,0.068033,-0.997612,-0.001303,0.008269,-0.135555,176.587168,-3.929017,0.0462,1.0000,0.4277,0.0462,1.0000,0.4277,1003,1003,1.000000,0,2.0000
1774618636.067997932,0.010526,0.067892,-0.997637,-0.000399,0.009015,-0.135176,176.588913,-3.925030,0.0461,1.0000,0.4277,0.0461,1.0000,0.4277,1011,1011,1.000000,0,2.0000
1774618636.118027925,0.011214,0.068649,-0.997578,-0.001222,0.008361,-0.135146,176.579882,-3.927509,0.0462,1.0000,0.4277,0.0462,1.0000,0.4277,1014,1014,1.000000,0,2.0000
1774618636.168051004,0.011679,0.069221,-0.997533,-0.000065,0.009409,-0.135127,176.591548,-3.922684,0.0461,1.0000,0.4277,0.0461,1.0000,0.4277,1020,1020,1.000000,0,2.0000
1774618636.218043089,0.012177,0.068623,-0.997568,-0.000044,0.008536,-0.135980,176.650213,-3.904182,0.0456,1.0000,0.4273,0.0456,1.0000,0.4273,1018,1018,1.000000,0,2.0000
1774618636.267995119,0.011430,0.069365,-0.997526,-0.001758,0.008998,-0.134983,176.540660,-3.944234,0.0466,1.0000,0.4280,0.0466,1.0000,0.4280,1024,1024,1.000000,0,2.0000
1774618636.318026066,0.011959,0.068637,-0.997570,-0.001926,0.008292,-0.135350,176.618935,-3.913718,0.0458,1.0000,0.4275,0.0458,1.0000,0.4275,1021,1021,1.000000,0,2.0000
1774618636.368031979,0.011527,0.068406,-0.997591,-0.000884,0.008398,-0.135445,176.586871,-3.923421,0.0461,1.0000,0.4277,0.0461,1.0000,0.4277,1023,1023,1.000000,0,2.0000
1774618636.418030977,0.011822,0.068871,-0.997556,-0.000944,0.008958,-0.135662,176.608993,-3.921353,0.0460,1.0000,0.4276,0.0460,1.0000,0.4276,1026,1026,1.000000,0,2.0000
1774618636.468027115,0.011597,0.068601,-0.997577,0.001082,0.009705,-0.135553,176.595600,-3.924722,0.0461,1.0000,0.4276,0.0461,1.0000,0.4276,1027,1027,1.000000,0,2.0000
1774618636.518079042,0.011392,0.069619,-0.997509,-0.001982,0.009568,-0.135077,176.551942,-3.939298,0.0465,1.0000,0.4279,0.0465,1.0000,0.4279,1032,1032,1.000000,0,2.0000
1774618636.568063021,0.012318,0.068982,-0.997542,-0.000877,0.007959,-0.136082,176.642757,-3.908175,0.0456,1.0000,0.4274,0.0456,1.0000,0.4274,1027,1027,1.000000,0,2.0000
1774618636.618067980,0.011358,0.069000,-0.997552,-0.000230,0.009099,-0.135226,176.590910,-3.924222,0.0461,1.0000,0.4277,0.0461,1.0000,0.4277,1031,1031,1.000000,0,2.0000
1774618636.668021917,0.012383,0.069060,-0.997536,-0.001251,0.008776,-0.135874,176.611114,-3.919586,0.0459,1.0000,0.4276,0.0459,1.0000,0.4276,1032,1032,1.000000,0,2.0000
1774618636.718020916,0.011997,0.068833,-0.997556,-0.000354,0.009683,-0.135542,176.604743,-3.924549,0.0460,1.0000,0.4276,0.0460,1.0000,0.4276,1031,1031,1.000000,0,2.0000
1774618636.768064022,0.011791,0.069217,-0.997532,-0.001802,0.008743,-0.135206,176.583767,-3.928470,0.0462,1.0000,0.4277,0.0462,1.0000,0.4277,1034,1034,1.000000,0,2.0000
1774618636.818083048,0.012182,0.069026,-0.997540,-0.001181,0.008914,-0.135750,176.600277,-3.926726,0.0461,1.0000,0.4276,0.0461,1.0000,0.4276,1033,1033,1.000000,0,2.0000
1774618636.868102074,0.011793,0.069241,-0.997530,-0.001532,0.009423,-0.136115,176.577000,-3.946477,0.0463,1.0000,0.4278,0.0463,1.0000,0.4278,1036,1036,1.000000,0,2.0000
1774618636.918070078,0.010989,0.069551,-0.997518,-0.000535,0.010494,-0.134837,176.580964,-3.922680,0.0462,1.0000,0.4277,0.0462,1.0000,0.4277,1037,1037,1.000000,0,2.0000
1774618636.968173981,0.012167,0.069091,-0.997536,-0.001055,0.009143,-0.135574,176.596115,-3.924035,0.0461,1.0000,0.4276,0.0461,1.0000,0.4276,1037,1037,1.000000,0,2.0000
1774618637.018124104,0.012167,0.069091,-0.997536,-0.001362,0.009207,-0.135294,176.570132,-3.934316,0.0463,1.0000,0.4278,0.0463,1.0000,0.4278,1037,1037,1.000000,0,2.0000
1774618637.068092108,0.011455,0.069537,-0.997514,-0.001006,0.009371,-0.135143,176.553415,-3.947915,0.0465,1.0000,0.4279,0.0465,1.0000,0.4279,1040,1040,1.000000,0,2.0000
1774618637.118134975,0.011932,0.069056,-0.997541,-0.001114,0.009463,-0.135933,176.603156,-3.928229,0.0460,1.0000,0.4276,0.0460,1.0000,0.4276,1039,1039,1.000000,0,2.0000
1774618637.168158054,0.012396,0.069718,-0.997490,-0.002699,0.008566,-0.135226,176.578159,-3.932114,0.0462,1.0000,0.4277,0.0462,1.0000,0.4277,1040,1040,1.000000,0,2.0000
1774618637.218115091,0.012711,0.068961,-0.997538,-0.001279,0.008979,-0.135615,176.623361,-3.912065,0.0458,1.0000,0.4275,0.0458,1.0000,0.4275,1044,1044,1.000000,0,2.0000
1774618637.268101931,0.013377,0.069063,-0.997523,-0.002079,0.007656,-0.135626,176.607939,-3.919414,0.0460,1.0000,0.4276,0.0460,1.0000,0.4276,1043,1043,1.000000,0,2.0000
1774618637.318124056,0.012465,0.068667,-0.997562,0.000350,0.009223,-0.135421,176.605142,-3.915791,0.0460,1.0000,0.4276,0.0460,1.0000,0.4276,1045,1045,1.000000,0,2.0000
1774618637.368109941,0.012519,0.068726,-0.997557,-0.000886,0.009337,-0.135742,176.570515,-3.938632,0.0463,1.0000,0.4278,0.0463,1.0000,0.4278,1046,1046,1.000000,0,2.0000
1774618637.418159008,0.012855,0.068764,-0.997550,-0.001168,0.008711,-0.135387,176.592525,-3.932479,0.0461,1.0000,0.4277,0.0461,1.0000,0.4277,1045,1045,1.000000,0,2.0000
1774618637.468154907,0.013554,0.069121,-0.997516,-0.001827,0.008595,-0.135456,176.591117,-3.932749,0.0462,1.0000,0.4277,0.0462,1.0000,0.4277,1048,1048,1.000000,0,2.0000
1774618637.518134117,0.013276,0.068678,-0.997551,-0.001055,0.009000,-0.135343,176.593908,-3.925546,0.0461,1.0000,0.4277,0.0461,1.0000,0.4277,1051,1051,1.000000,0,2.0000
1774618637.568140030,0.013046,0.068206,-0.997586,-0.000706,0.009122,-0.136366,176.583182,-3.925239,0.0462,1.0000,0.4277,0.0462,1.0000,0.4277,1051,1051,1.000000,0,2.0000
1774618637.618359089,0.012753,0.068291,-0.997584,-0.000556,0.009474,-0.135939,176.593042,-3.918328,0.0461,1.0000,0.4276,0.0461,1.0000,0.4276,1053,1053,1.000000,0,2.0000
1774618637.668154001,0.013132,0.068377,-0.997573,-0.000904,0.008659,-0.135725,176.618297,-3.912329,0.0458,1.0000,0.4275,0.0458,1.0000,0.4275,1056,1056,1.000000,0,2.0000
1774618637.718172073,0.011735,0.069354,-0.997523,0.000462,0.010560,-0.134798,176.583619,-3.862165,0.0458,1.0000,0.4275,0.0458,1.0000,0.4275,1074,1074,1.000000,0,2.0000
1774618637.768192053,0.013470,0.071159,-0.997374,0.003886,0.010028,-0.129362,176.615338,-3.417542,0.0427,1.0000,0.4256,0.0427,1.0000,0.4256,1117,1117,1.000000,0,2.0000
1774618637.818202019,0.014639,0.069611,-0.997467,0.002948,0.008784,-0.134665,176.867382,-2.779516,0.0371,1.0000,0.4223,0.0371,1.0000,0.4223,1163,1163,1.000000,0,2.0000
1774618637.868172884,0.012711,0.069241,-0.997519,0.005062,0.008725,-0.134689,176.886828,-1.980582,0.0320,1.0000,0.4192,0.0320,1.0000,0.4192,1210,1210,1.000000,0,2.0000
1774618637.918211937,0.010713,0.067531,-0.997660,0.005244,0.007979,-0.137530,176.621819,-1.184196,0.0282,1.0000,0.4169,0.0282,1.0000,0.4169,1256,1256,1.000000,0,2.0000
1774618637.968209028,0.009940,0.068828,-0.997579,0.005483,0.007050,-0.137149,176.417354,-0.190569,0.0225,1.0000,0.4135,0.0225,1.0000,0.4135,1308,1308,1.000000,0,2.0000
1774618638.018249035,0.007964,0.068742,-0.997603,0.008559,0.007417,-0.134242,176.127629,0.464397,0.0254,1.0000,0.4152,0.0254,1.0000,0.4152,1385,1385,1.000000,0,2.0000
1774618638.068243027,0.008231,0.066055,-0.997782,0.007922,0.007506,-0.129213,176.144970,1.027353,0.0292,1.0000,0.4175,0.0292,1.0000,0.4175,1472,1472,1.000000,0,2.0000
1774618638.118272066,0.006639,0.064170,-0.997917,0.004785,0.004418,-0.126982,176.370978,1.121428,0.0289,1.0000,0.4173,0.0289,1.0000,0.4173,1536,1536,1.000000,0,2.0000
1774618638.168243885,0.007178,0.061819,-0.998062,-0.000228,0.000577,-0.126844,176.740123,1.128769,0.0274,1.0000,0.4164,0.0274,1.0000,0.4164,1583,1583,1.000000,0,2.0000
1774618638.217897892,0.007947,0.058321,-0.998266,0.000794,-0.000124,-0.122352,176.892752,1.201912,0.0272,1.0000,0.4163,0.0272,1.0000,0.4163,1639,1639,1.000000,0,2.0000
1774618638.267445087,0.007664,0.055374,-0.998436,-0.000938,-0.002114,-0.116586,177.154953,1.217213,0.0262,1.0000,0.4157,0.0262,1.0000,0.4157,1698,1698,1.000000,0,2.0000
1774618638.317475080,0.007862,0.053730,-0.998525,-0.005021,-0.007014,-0.111031,177.324372,1.229738,0.0255,1.0000,0.4153,0.0255,1.0000,0.4153,1758,1758,1.000000,0,2.0000
1774618638.367120028,0.008278,0.052006,-0.998612,-0.008509,-0.008775,-0.105250,177.308871,1.181570,0.0253,1.0000,0.4152,0.0253,1.0000,0.4152,1804,1804,1.000000,0,2.0000
1774618638.417110920,0.009756,0.050560,-0.998673,-0.012624,-0.012095,-0.101325,177.431434,1.222378,0.0250,1.0000,0.4150,0.0250,1.0000,0.4150,1848,1848,1.000000,0,2.0000
1774618638.467057943,0.008976,0.050689,-0.998674,-0.014679,-0.013375,-0.097258,177.450880,1.160549,0.0246,1.0000,0.4147,0.0246,1.0000,0.4147,1895,1895,1.000000,0,2.0000
1774618638.516731977,0.008139,0.050336,-0.998699,-0.015536,-0.018099,-0.090954,177.639655,1.063772,0.0232,1.0000,0.4139,0.0232,1.0000,0.4139,1942,1942,1.000000,0,2.0000
1774618638.566703081,0.008828,0.048102,-0.998803,-0.022009,-0.023849,-0.085275,177.779026,0.778047,0.0211,1.0000,0.4127,0.0211,1.0000,0.4127,2004,2004,1.000000,0,2.0000
1774618638.616720915,0.007718,0.047142,-0.998858,-0.031326,-0.033085,-0.081655,177.994090,0.476355,0.0187,1.0000,0.4112,0.0187,1.0000,0.4112,2044,2044,1.000000,0,2.0000
1774618638.666692972,0.007963,0.045530,-0.998931,-0.027176,-0.038384,-0.070385,178.248749,0.300204,0.0170,1.0000,0.4102,0.0170,1.0000,0.4102,2084,2084,1.000000,0,2.0000
1774618638.716742992,0.007680,0.043325,-0.999032,-0.033374,-0.046540,-0.070005,178.405133,-0.172232,0.0158,1.0000,0.4095,0.0158,1.0000,0.4095,2123,2123,1.000000,0,2.0000
1774618638.766700029,0.007833,0.041351,-0.999114,-0.033362,-0.052851,-0.062553,178.711562,-0.353367,0.0156,1.0000,0.4094,0.0156,1.0000,0.4094,2155,2155,1.000000,0,2.0000
1774618638.816720009,0.008356,0.039384,-0.999189,-0.039174,-0.064094,-0.062293,179.236475,-0.543006,0.0145,1.0000,0.4087,0.0145,1.0000,0.4087,2195,2195,1.000000,0,2.0000
1774618638.866717100,0.007939,0.037421,-0.999268,-0.044966,-0.076599,-0.058421,179.724695,-0.713938,0.0133,1.0000,0.4080,0.0133,1.0000,0.4080,2222,2222,1.000000,0,2.0000
1774618638.916800022,0.008047,0.035759,-0.999328,-0.045517,-0.085901,-0.056030,-179.916502,-0.922546,0.0132,1.0000,0.4079,0.0132,1.0000,0.4079,2243,2243,1.000000,0,2.0000
1774618638.966783047,0.009258,0.034904,-0.999348,-0.053143,-0.097836,-0.056151,-179.574914,-1.144396,0.0154,1.0000,0.4092,0.0154,1.0000,0.4092,2279,2279,1.000000,0,2.0000
1774618639.016779900,0.008741,0.034271,-0.999374,-0.059035,-0.108695,-0.054268,-179.173019,-1.409787,0.0182,1.0000,0.4109,0.0182,1.0000,0.4109,2307,2307,1.000000,0,2.0000
1774618639.066773891,0.010347,0.033908,-0.999371,-0.064480,-0.121710,-0.055252,-178.666287,-1.697162,0.0217,1.0000,0.4130,0.0217,1.0000,0.4130,2327,2327,1.000000,0,2.0000
1774618639.116765022,0.011153,0.032406,-0.999413,-0.064859,-0.129818,-0.056419,-178.203667,-1.854785,0.0247,1.0000,0.4148,0.0247,1.0000,0.4148,2361,2361,1.000000,0,2.0000
1774618639.166759014,0.011655,0.032051,-0.999418,-0.069278,-0.143318,-0.059094,-177.453152,-1.959125,0.0291,1.0000,0.4174,0.0291,1.0000,0.4174,2380,2380,1.000000,0,2.0000
1774618639.216778040,0.011338,0.030789,-0.999462,-0.078425,-0.157083,-0.065032,-176.989189,-2.169322,0.0327,1.0000,0.4196,0.0327,1.0000,0.4196,2405,2405,1.000000,0,2.0000
1774618639.266773939,0.009933,0.028903,-0.999533,-0.080868,-0.166486,-0.069015,-176.644951,-2.232425,0.0349,1.0000,0.4209,0.0349,1.0000,0.4209,2426,2426,1.000000,0,2.0000
1774618639.316771984,0.010546,0.028885,-0.999527,-0.083135,-0.176090,-0.073012,-175.959398,-2.164060,0.0380,1.0000,0.4228,0.0380,1.0000,0.4228,2450,2450,1.000000,0,2.0000
1774618639.367218018,0.009841,0.028191,-0.999554,-0.079667,-0.185345,-0.077671,-175.003087,-2.098541,0.0425,1.0000,0.4255,0.0425,1.0000,0.4255,2476,2476,1.000000,0,2.0000
1774618639.417249918,0.010239,0.028739,-0.999535,-0.085001,-0.193714,-0.085748,-174.373957,-2.185626,0.0465,1.0000,0.4279,0.0465,1.0000,0.4279,2487,2487,1.000000,0,2.0000
1774618639.467196941,0.010151,0.028755,-0.999535,-0.089480,-0.200320,-0.089609,-173.978425,-2.207547,0.0487,1.0000,0.4292,0.0487,1.0000,0.4292,2494,2494,1.000000,0,2.0000
1774618639.517241955,0.011591,0.029739,-0.999490,-0.093508,-0.210267,-0.097951,-173.595022,-2.319400,0.0518,1.0000,0.4311,0.0518,1.0000,0.4311,2485,2485,1.000000,0,2.0000
1774618639.567245960,0.013050,0.029911,-0.999467,-0.103164,-0.214915,-0.106940,-173.659266,-2.516124,0.0532,1.0000,0.4319,0.0532,1.0000,0.4319,2503,2503,1.000000,0,2.0000
1774618639.617687941,0.013540,0.030390,-0.999446,-0.113857,-0.220282,-0.119404,-173.794841,-2.603929,0.0533,1.0000,0.4320,0.0533,1.0000,0.4320,2528,2528,1.000000,0,2.0000
1774618639.667632103,0.014309,0.028705,-0.999485,-0.102627,-0.218424,-0.127842,-174.159297,-2.398150,0.0495,1.0000,0.4297,0.0495,1.0000,0.4297,2521,2521,1.000000,0,2.0000
1774618639.717638016,0.015565,0.028054,-0.999485,-0.105440,-0.220041,-0.136141,-174.317498,-2.097291,0.0460,1.0000,0.4276,0.0460,1.0000,0.4276,2525,2525,1.000000,0,2.0000
1774618639.767728090,0.015938,0.027296,-0.999500,-0.103622,-0.224028,-0.145426,-174.197391,-1.669528,0.0428,1.0000,0.4257,0.0428,1.0000,0.4257,2533,2533,1.000000,0,2.0000
1774618639.817732096,0.016765,0.028112,-0.999464,-0.104869,-0.223918,-0.152440,-174.262583,-1.421008,0.0404,1.0000,0.4242,0.0404,1.0000,0.4242,2534,2534,1.000000,0,2.0000
1774618639.867635012,0.016680,0.027885,-0.999472,-0.105641,-0.226452,-0.159248,-174.307261,-1.332764,0.0394,1.0000,0.4236,0.0394,1.0000,0.4236,2537,2537,1.000000,0,2.0000
1774618639.917681932,0.016782,0.026564,-0.999506,-0.106273,-0.226639,-0.166216,-174.338337,-1.226454,0.0383,1.0000,0.4230,0.0383,1.0000,0.4230,2537,2537,1.000000,0,2.0000
1774618639.967663050,0.016939,0.025890,-0.999521,-0.107593,-0.228899,-0.170109,-174.585902,-0.928466,0.0348,1.0000,0.4209,0.0348,1.0000,0.4209,2543,2543,1.000000,0,2.0000
1774618640.017673016,0.016982,0.026151,-0.999514,-0.103039,-0.227395,-0.171487,-174.929727,-0.738630,0.0318,1.0000,0.4191,0.0318,1.0000,0.4191,2544,2544,1.000000,0,2.0000
1774618640.067677975,0.017123,0.026758,-0.999495,-0.104153,-0.231225,-0.162166,-174.991382,-0.117901,0.0266,1.0000,0.4160,0.0266,1.0000,0.4160,2562,2562,1.000000,0,2.0000
1774618640.117785931,0.017076,0.026976,-0.999490,-0.108674,-0.232706,-0.163589,-175.050302,-0.011868,0.0256,1.0000,0.4153,0.0256,1.0000,0.4153,2577,2577,1.000000,0,2.0000
1774618640.167715073,0.017045,0.026974,-0.999491,-0.105823,-0.232226,-0.166319,-175.080353,0.059211,0.0259,1.0000,0.4155,0.0259,1.0000,0.4155,2577,2577,1.000000,0,2.0000
1774618640.217724085,0.016723,0.027223,-0.999489,-0.108461,-0.233841,-0.168462,-175.285922,0.063292,0.0252,1.0000,0.4151,0.0252,1.0000,0.4151,2586,2586,1.000000,0,2.0000
1774618640.268104076,0.016704,0.026889,-0.999499,-0.106093,-0.231444,-0.167372,-175.907446,-0.269732,0.0247,1.0000,0.4148,0.0247,1.0000,0.4148,2587,2587,1.000000,0,2.0000
1774618640.318145037,0.016455,0.026418,-0.999516,-0.111942,-0.233538,-0.168777,-176.449600,-1.086992,0.0283,1.0000,0.4170,0.0283,1.0000,0.4170,2605,2605,1.000000,0,2.0000
1774618640.368156910,0.016327,0.026215,-0.999523,-0.103615,-0.231047,-0.171406,-176.905471,-2.171393,0.0331,1.0000,0.4199,0.0331,1.0000,0.4199,2610,2610,1.000000,0,2.0000
1774618640.418191910,0.015966,0.025838,-0.999539,-0.102404,-0.232481,-0.170022,-177.088142,-3.242423,0.0386,1.0000,0.4231,0.0386,1.0000,0.4231,2631,2631,1.000000,0,2.0000
1774618640.468154907,0.016040,0.026411,-0.999522,-0.102528,-0.232905,-0.172441,-177.265582,-4.117339,0.0425,1.0000,0.4255,0.0425,1.0000,0.4255,2636,2636,1.000000,0,2.0000
1774618640.518182039,0.015587,0.026194,-0.999535,-0.097747,-0.232086,-0.173263,-177.664767,-4.837746,0.0435,1.0000,0.4261,0.0435,1.0000,0.4261,2645,2645,1.000000,0,2.0000
1774618640.567780972,0.015797,0.026452,-0.999525,-0.102840,-0.234215,-0.172816,-177.913366,-5.392945,0.0444,1.0000,0.4267,0.0444,1.0000,0.4267,2652,2652,1.000000,0,2.0000
1774618640.617768049,0.015264,0.026143,-0.999542,-0.100426,-0.234221,-0.171334,-178.314198,-5.801009,0.0430,1.0000,0.4258,0.0430,1.0000,0.4258,2663,2663,1.000000,0,2.0000
1774618640.667447090,0.014501,0.025505,-0.999570,-0.095431,-0.232171,-0.171315,-178.619578,-6.069924,0.0415,1.0000,0.4249,0.0415,1.0000,0.4249,2677,2677,1.000000,0,2.0000
1774618640.717379093,0.014325,0.025793,-0.999565,-0.091747,-0.232698,-0.171753,-178.699432,-6.129561,0.0410,1.0000,0.4246,0.0410,1.0000,0.4246,2682,2682,1.000000,0,2.0000
1774618640.767014027,0.014510,0.026885,-0.999533,-0.098366,-0.235229,-0.160292,-178.997934,-6.127732,0.0383,1.0000,0.4230,0.0383,1.0000,0.4230,2710,2710,1.000000,0,2.0000
1774618640.817003012,0.015487,0.025716,-0.999549,-0.097136,-0.238591,-0.175115,179.797459,-6.508630,0.0322,1.0000,0.4193,0.0322,1.0000,0.4193,2695,2695,1.000000,0,2.0000
1774618640.866600037,0.013312,0.026596,-0.999558,-0.090917,-0.232874,-0.147628,178.004117,-6.368085,0.0485,1.0000,0.4291,0.0485,1.0000,0.4291,2745,2745,1.000000,0,2.0000
1774618640.916234016,0.014368,0.026145,-0.999555,-0.091838,-0.235141,-0.161363,176.070923,-6.974374,0.0707,1.0000,0.4424,0.0707,1.0000,0.4424,2734,2734,1.000000,0,2.0000
1774618640.965783119,0.014626,0.026596,-0.999539,-0.095433,-0.237776,-0.160627,175.162963,-7.396968,0.0829,1.0000,0.4497,0.0829,1.0000,0.4497,2740,2740,1.000000,0,2.0000
1774618641.015870094,0.013061,0.025762,-0.999583,-0.089420,-0.243519,-0.146517,176.240353,-7.522192,0.0727,1.0000,0.4436,0.0727,1.0000,0.4436,2761,2761,1.000000,0,2.0000
1774618641.065819979,0.011441,0.025672,-0.999605,-0.079146,-0.243659,-0.127208,177.819623,-7.244557,0.0548,1.0000,0.4329,0.0548,1.0000,0.4329,2790,2790,1.000000,0,2.0000
1774618641.115398884,0.009799,0.025207,-0.999634,-0.065742,-0.239331,-0.105012,178.663878,-6.663535,0.0436,1.0000,0.4262,0.0436,1.0000,0.4262,2827,2827,1.000000,0,2.0000
1774618641.165388107,0.008383,0.023557,-0.999687,-0.057791,-0.236742,-0.086071,179.265433,-5.963538,0.0352,1.0000,0.4211,0.0352,1.0000,0.4211,2864,2864,1.000000,0,2.0000
1774618641.215483904,0.007474,0.021145,-0.999748,-0.051974,-0.240282,-0.061819,-179.962105,-4.733616,0.0251,1.0000,0.4151,0.0251,1.0000,0.4151,2904,2904,1.000000,0,2.0000
1774618641.265424967,0.006366,0.021179,-0.999755,-0.055663,-0.237603,-0.035206,179.854172,-2.603343,0.0190,1.0000,0.4114,0.0190,1.0000,0.4114,2943,2943,1.000000,0,2.0000
1774618641.315495014,0.005498,0.020898,-0.999766,-0.049004,-0.228508,-0.020821,178.586797,-0.909884,0.0186,1.0000,0.4111,0.0186,1.0000,0.4111,2971,2971,1.000000,0,2.0000
1774618641.365843058,0.005062,0.022087,-0.999743,-0.036137,-0.221446,-0.016099,176.808726,-2.018066,0.0327,1.0000,0.4196,0.0327,1.0000,0.4196,2986,2986,1.000000,0,2.0000
1774618641.415868044,0.003536,0.021791,-0.999756,-0.026027,-0.223916,-0.006566,176.608466,-4.881403,0.0521,1.0000,0.4313,0.0521,1.0000,0.4313,3001,3001,1.000000,0,2.0000
1774618641.466253042,0.002475,0.021098,-0.999774,-0.013960,-0.217789,-0.001571,176.792840,-7.579040,0.0672,1.0000,0.4403,0.0672,1.0000,0.4403,3021,3021,1.000000,0,2.0000
1774618641.516658068,0.001931,0.018173,-0.999833,0.001933,-0.218756,0.009990,177.068029,-9.490250,0.0754,1.0000,0.4452,0.0754,1.0000,0.4452,3051,3051,1.000000,0,2.0000
1774618641.567084074,0.001893,0.015774,-0.999874,0.009730,-0.225294,0.013994,177.372464,-11.134164,0.0805,1.0000,0.4483,0.0805,1.0000,0.4483,3071,3071,1.000000,0,2.0000
1774618641.617558002,-0.000085,0.017178,-0.999852,0.028405,-0.222907,0.020856,177.773866,-12.653184,0.0823,1.0000,0.4494,0.0823,1.0000,0.4494,3108,3108,1.000000,0,2.0000
1774618641.667483091,0.002115,0.021036,-0.999776,0.043777,-0.221418,-0.000152,178.395655,-14.451160,0.0804,1.0000,0.4483,0.0804,1.0000,0.4483,3089,3089,1.000000,0,2.0000
1774618641.717988014,0.002457,0.020941,-0.999778,0.071642,-0.214717,0.001962,179.019421,-15.664761,0.0743,1.0000,0.4446,0.0743,1.0000,0.4446,3097,3097,1.000000,0,2.0000
1774618641.767982960,0.005689,0.022404,-0.999733,0.099187,-0.203186,-0.052410,179.087279,-17.224930,0.0784,1.0000,0.4470,0.0784,1.0000,0.4470,3100,3100,1.000000,0,2.0000
1774618641.817940950,0.004673,0.021042,-0.999768,0.149347,-0.180321,-0.051728,178.910972,-17.682939,0.0833,1.0000,0.4500,0.0833,1.0000,0.4500,3137,3137,1.000000,0,2.0000
1774618641.868302107,0.002806,0.021342,-0.999768,0.211767,-0.146695,-0.083554,178.344391,-18.086010,0.0959,1.0000,0.4576,0.0959,1.0000,0.4576,3146,3146,1.000000,0,2.0000
1774618641.918340921,0.001264,0.019871,-0.999802,0.212103,-0.141196,-0.081676,177.827912,-17.550424,0.1038,1.0000,0.4623,0.1038,1.0000,0.4623,3190,3190,1.000000,0,2.0000
1774618641.968352079,0.001196,0.023258,-0.999729,0.261248,-0.107800,-0.083957,177.900091,-16.488907,0.0979,1.0000,0.4587,0.0979,1.0000,0.4587,3213,3213,1.000000,0,2.0000
1774618642.017992973,0.003067,0.025252,-0.999676,0.316788,-0.069520,-0.079357,177.954545,-14.676150,0.0889,1.0000,0.4533,0.0889,1.0000,0.4533,3215,3215,1.000000,0,2.0000
1774618642.067532063,0.002099,0.023901,-0.999712,0.370424,-0.039364,-0.088142,177.925343,-12.631488,0.0799,1.0000,0.4480,0.0799,1.0000,0.4480,3209,3209,1.000000,0,2.0000
1774618642.117590904,0.002297,0.024606,-0.999695,0.437929,0.008817,-0.084978,177.254319,-10.291199,0.0775,1.0000,0.4465,0.0775,1.0000,0.4465,3311,3311,1.000000,0,2.0000
1774618642.167170048,0.002072,0.025066,-0.999684,0.498663,0.044337,-0.044142,176.960969,-7.500896,0.0650,1.0000,0.4390,0.0650,1.0000,0.4390,3378,3378,1.000000,0,2.0000
1774618642.216753006,0.002909,0.027507,-0.999617,0.519572,0.064682,-0.026408,176.031096,-4.820292,0.0562,1.0000,0.4337,0.0562,1.0000,0.4337,3447,3447,1.000000,0,2.0000
1774618642.266405106,0.002656,0.028253,-0.999597,0.508815,0.067051,-0.027790,175.498482,-2.482970,0.0428,1.0000,0.4257,0.0428,1.0000,0.4257,3493,3493,1.000000,0,2.0000
1774618642.316349030,0.003960,0.027942,-0.999602,0.511726,0.062535,-0.034280,176.006751,-0.420509,0.0255,1.0000,0.4153,0.0255,1.0000,0.4153,3524,3524,1.000000,0,2.0000
1774618642.366388083,0.004215,0.026716,-0.999634,0.503400,0.049918,-0.044508,176.692330,1.566088,0.0304,1.0000,0.4182,0.0304,1.0000,0.4182,3526,3526,1.000000,0,2.0000
1774618642.416394949,0.002576,0.024768,-0.999690,0.493384,0.023004,-0.039167,177.656806,4.345982,0.0410,1.0000,0.4246,0.0410,1.0000,0.4246,3528,3528,1.000000,0,2.0000
1774618642.466051102,0.002549,0.023691,-0.999716,0.459408,-0.003289,-0.046089,178.482555,6.565717,0.0450,1.0000,0.4270,0.0450,1.0000,0.4270,3539,3539,1.000000,0,2.0000
1774618642.516062021,0.002089,0.021868,-0.999759,0.400961,-0.045715,-0.056973,178.209014,7.840506,0.0536,1.0000,0.4322,0.0536,1.0000,0.4322,3505,3505,1.000000,0,2.0000
1774618642.565599918,0.004135,0.022863,-0.999730,0.354843,-0.083583,-0.066398,178.108640,9.829746,0.0642,1.0000,0.4385,0.0642,1.0000,0.4385,3539,3539,1.000000,0,2.0000
1774618642.615592957,0.002124,0.019999,-0.999798,0.296516,-0.123179,-0.059720,178.002863,12.285090,0.0772,1.0000,0.4463,0.0772,1.0000,0.4463,3641,3641,1.000000,0,2.0000
1774618642.665570021,0.000253,0.017324,-0.999850,0.251519,-0.145991,-0.052963,175.958046,15.485007,0.1276,1.0000,0.4765,0.1276,1.0000,0.4765,3690,3690,1.000000,0,2.0000
1774618642.715611935,0.002111,0.017167,-0.999850,0.200612,-0.177505,-0.045738,174.143449,18.248030,0.1796,1.0000,0.5078,0.1796,1.0000,0.5078,3720,3720,1.000000,0,2.0000
1774618642.766011000,0.004757,0.018083,-0.999825,0.119482,-0.226647,-0.065160,172.544649,20.038123,0.2253,1.0000,0.5352,0.2253,1.0000,0.5352,3679,3679,1.000000,0,2.0000
1774618642.816411972,0.006552,0.018263,-0.999812,0.052469,-0.264973,-0.089032,171.008474,22.374151,0.2772,1.0000,0.5663,0.2772,1.0000,0.5663,3624,3624,1.000000,0,2.0000
1774618642.866420984,0.006908,0.018822,-0.999799,-0.030282,-0.299330,-0.091680,169.219743,25.809353,0.3470,1.0000,0.6082,0.3470,1.0000,0.6082,3620,3620,1.000000,0,2.0000
1774618642.916888952,0.020466,0.018142,-0.999626,-0.152161,-0.336918,-0.251685,166.016241,28.530850,0.4465,1.0000,0.6679,0.4465,1.0000,0.6679,3319,3319,1.000000,0,2.0000
1774618642.966861963,0.013437,0.018211,-0.999744,-0.180020,-0.364520,-0.169630,163.687028,39.366240,0.5751,1.0000,0.7451,0.5751,1.0000,0.7451,3515,3515,1.000000,0,2.0000
1774618643.017649889,0.017582,0.020035,-0.999645,-0.251204,-0.416252,-0.150055,159.770968,56.499409,0.6351,1.0000,0.7810,0.6351,1.0000,0.7810,3503,3503,1.000000,0,2.0000
1774618643.068044901,0.020545,0.017551,-0.999635,-0.425503,-0.508194,-0.059378,154.149384,69.033941,0.5656,1.0000,0.7393,0.5656,1.0000,0.7393,3555,3555,1.000000,0,2.0000
1774618643.118864059,0.019804,0.015445,-0.999685,-0.442961,-0.525090,0.013956,5.557659,68.677583,0.1941,1.0000,0.5165,0.1941,1.0000,0.5165,3617,3617,1.000000,0,2.0000
1774618643.169344902,0.028188,0.019537,-0.999412,-0.659144,-0.622856,-0.016272,-9.073377,34.058268,0.3556,1.0000,0.6134,0.3556,1.0000,0.6134,3555,3555,1.000000,0,2.0000
1774618643.219319105,0.033768,0.021338,-0.999202,-0.745521,-0.631898,-0.012027,-16.990707,-2.001262,0.0982,1.0000,0.4589,0.0982,1.0000,0.4589,3601,3601,1.000000,0,2.0000
1774618643.269073963,0.036425,0.020117,-0.999134,-0.847014,-0.701119,-0.061342,-35.746492,-37.571903,0.9248,1.0000,0.9549,0.9248,1.0000,0.9549,3519,3519,1.000000,0,2.0000
1774618643.318516016,0.037468,0.023547,-0.999020,-1.000313,-0.754949,-0.003735,-74.990451,-61.434453,0.4710,1.0000,0.6826,0.4710,1.0000,0.6826,3549,3549,1.000000,0,2.0000
1774618643.368165016,0.041071,0.024800,-0.998848,-0.976986,-0.755197,-0.130324,-141.742302,-55.450811,0.9174,1.0000,0.9505,0.9174,1.0000,0.9505,3412,3412,1.000000,0,2.0000
1774618643.417790890,0.039588,0.026023,-0.998877,-1.046778,-0.790963,-0.154867,-174.174788,-27.467940,0.2357,1.0000,0.5414,0.2357,1.0000,0.5414,3417,3417,1.000000,0,2.0000
1774618643.466501951,0.036007,0.028330,-0.998950,-1.049633,-0.782901,-0.199148,164.110795,3.365750,0.1179,1.0000,0.4708,0.1179,1.0000,0.4708,3344,3344,1.000000,0,2.0000
1774618643.515693903,0.031683,0.027458,-0.999121,-1.210610,-0.868393,-0.022650,145.964961,26.166899,0.7595,1.0000,0.8557,0.7595,1.0000,0.8557,3576,3576,1.000000,0,2.0000
1774618643.564910889,0.033936,0.027076,-0.999057,-1.190731,-0.876365,-0.005123,103.361240,47.281776,0.5033,1.0000,0.7020,0.5033,1.0000,0.7020,3607,3607,1.000000,0,2.0000
1774618643.614126921,0.024233,0.025413,-0.999383,-1.330982,-0.941982,-0.020585,53.641848,44.802649,0.9593,1.0000,0.9756,0.9593,1.0000,0.9756,3482,3482,1.000000,0,2.0000
1774618643.663697958,0.016749,0.020325,-0.999653,-1.486017,-1.014150,0.007330,16.338553,25.005514,0.4626,1.0000,0.6776,0.4626,1.0000,0.6776,3533,3533,1.000000,0,2.0000
1774618643.712927103,0.019906,0.024173,-0.999510,-1.571063,-1.036205,0.012763,-10.911450,1.212183,0.0600,1.0000,0.4360,0.0600,1.0000,0.4360,3548,3548,1.000000,0,2.0000
1774618643.762171030,0.018065,0.023042,-0.999571,-1.659391,-1.087019,-0.001072,-40.649847,-18.000209,0.6225,1.0000,0.7735,0.6225,1.0000,0.7735,3559,3559,1.000000,0,2.0000
1774618643.811389923,0.019222,0.024329,-0.999519,-1.644250,-1.084555,-0.048812,-79.523412,-28.333681,0.3594,1.0000,0.6156,0.3594,1.0000,0.6156,3516,3516,1.000000,0,2.0000
1774618643.861366987,0.018317,0.021214,-0.999607,-1.784089,-1.150085,-0.156549,-115.417986,-24.758860,0.6259,1.0000,0.7755,0.6259,1.0000,0.7755,3357,3357,1.000000,0,2.0000
1774618643.910989046,0.018070,0.020293,-0.999631,-1.874297,-1.196231,-0.193946,-150.279379,-11.754434,0.4016,1.0000,0.6410,0.4016,1.0000,0.6410,3336,3336,1.000000,0,2.0000
1774618643.960619926,0.016744,0.020747,-0.999645,-1.855277,-1.182868,-0.202437,176.549325,2.942258,0.0400,1.0000,0.4240,0.0400,1.0000,0.4240,3322,3322,1.000000,0,2.0000
1774618644.010190010,0.017464,0.024621,-0.999544,-1.921517,-1.218872,-0.069907,145.078047,13.442597,0.4790,1.0000,0.6874,0.4790,1.0000,0.6874,3550,3550,1.000000,0,2.0000
1774618644.060261965,0.014582,0.023122,-0.999626,-1.956773,-1.243268,-0.060859,108.473899,17.102385,0.3884,1.0000,0.6330,0.3884,1.0000,0.6330,3569,3569,1.000000,0,2.0000
1774618644.110194921,0.012885,0.022026,-0.999674,-2.083247,-1.304304,-0.056315,73.310693,12.505236,0.2860,1.0000,0.5716,0.2860,1.0000,0.5716,3537,3537,1.000000,0,2.0000
1774618644.160180092,0.005603,0.017325,-0.999834,-2.279025,-1.399901,-0.016364,38.530686,3.793188,0.2138,1.0000,0.5283,0.2138,1.0000,0.5283,3582,3582,1.000000,0,2.0000
1774618644.210659027,0.001791,0.013621,-0.999906,-2.373576,-1.427133,0.004716,3.927164,-4.122205,0.0511,1.0000,0.4306,0.0511,1.0000,0.4306,3587,3587,1.000000,0,2.0000
1774618644.260605097,-0.005010,0.009572,-0.999942,-2.493392,-1.474079,-0.000246,-31.364123,-5.849429,0.2542,1.0000,0.5525,0.2542,1.0000,0.5525,3565,3565,1.000000,0,2.0000
1774618644.311469078,0.000664,0.011920,-0.999929,-2.516230,-1.487522,-0.089633,-67.944578,-1.039709,0.0964,1.0000,0.4578,0.0964,1.0000,0.4578,3495,3495,1.000000,0,2.0000
1774618644.361859083,0.003428,0.007132,-0.999969,-2.596126,-1.523580,-0.153677,-100.026812,5.865809,0.1156,1.0000,0.4694,0.1156,1.0000,0.4694,3376,3376,1.000000,0,2.0000
1774618644.412655115,0.002295,0.005358,-0.999983,-2.722635,-1.589054,-0.231175,-134.573529,12.469748,0.4794,1.0000,0.6877,0.4794,1.0000,0.6877,3192,3192,1.000000,0,2.0000
1774618644.463485003,0.003032,0.005560,-0.999980,-2.743520,-1.594859,-0.247668,-169.782040,11.444939,0.1864,1.0000,0.5119,0.1864,1.0000,0.5119,3174,3174,1.000000,0,2.0000
1774618644.514584064,-0.003183,0.000340,-0.999995,-2.773914,-1.599170,-0.117674,156.812314,4.561843,0.1824,1.0000,0.5094,0.1824,1.0000,0.5094,3321,3321,1.000000,0,2.0000
1774618644.565088034,-0.003129,-0.000845,-0.999995,-2.781318,-1.614516,-0.119596,123.050127,-6.450446,0.2777,1.0000,0.5666,0.2777,1.0000,0.5666,3310,3310,1.000000,0,2.0000
1774618644.615881920,-0.007833,-0.003761,-0.999962,-2.934314,-1.683640,-0.107046,90.104824,-16.668517,0.0614,1.0000,0.4369,0.0614,1.0000,0.4369,3236,3236,1.000000,0,2.0000
1774618644.666681051,-0.014735,-0.009126,-0.999850,-3.130209,-1.770384,-0.086101,54.957588,-20.701411,0.6578,1.0000,0.7947,0.6578,1.0000,0.7947,3138,3138,1.000000,0,2.0000
1774618644.717494965,-0.016599,-0.005945,-0.999845,-3.135277,-1.762296,-0.021693,19.888920,-13.540895,0.3445,1.0000,0.6067,0.3445,1.0000,0.6067,3221,3221,1.000000,0,2.0000
1774618644.768297911,-0.024101,-0.007117,-0.999684,-3.298574,-1.818961,-0.014664,-12.642085,0.759694,0.0600,1.0000,0.4360,0.0600,1.0000,0.4360,3194,3194,1.000000,0,2.0000
1774618644.818690062,-0.018437,-0.010189,-0.999778,-3.287710,-1.801241,-0.110019,-44.493191,19.990349,0.6782,1.0000,0.8069,0.6782,1.0000,0.8069,3160,3160,1.000000,0,2.0000
1774618644.869494915,-0.029188,-0.017158,-0.999427,-3.576301,-1.932064,-0.137364,-76.694358,33.295359,0.4659,1.0000,0.6795,0.4659,1.0000,0.6795,3064,3064,1.000000,0,2.0000
1774618644.919977903,-0.020087,-0.013919,-0.999701,-3.632477,-1.957014,-0.206712,-117.500230,36.240256,0.8023,1.0000,0.8814,0.8023,1.0000,0.8814,2985,2985,1.000000,0,2.0000
1774618644.969937086,-0.012253,-0.004299,-0.999916,-3.610309,-1.937621,-0.251174,-153.806969,24.477738,0.6331,1.0000,0.7799,0.6331,1.0000,0.7799,2936,2936,1.000000,0,2.0000
1774618645.019911051,-0.008365,-0.004527,-0.999955,-3.570313,-1.921075,-0.261980,178.880851,3.350484,0.0277,1.0000,0.4166,0.0277,1.0000,0.4166,2963,2963,1.000000,0,2.0000
1774618645.069974899,-0.023770,-0.012035,-0.999645,-3.609244,-1.927204,-0.148578,155.715431,-20.638106,0.5375,1.0000,0.7225,0.5375,1.0000,0.7225,3126,3126,1.000000,0,2.0000
1774618645.119528055,-0.020879,-0.012196,-0.999708,-3.716192,-1.976807,-0.176378,124.088410,-41.876028,0.9305,1.0000,0.9583,0.9305,1.0000,0.9583,3073,3073,1.000000,0,2.0000
1774618645.169177055,-0.034790,-0.015682,-0.999272,-3.859530,-2.040743,-0.116229,80.292689,-48.585055,0.3964,1.0000,0.6378,0.3964,1.0000,0.6378,3141,3141,1.000000,0,2.0000
1774618645.218744040,-0.041989,-0.016014,-0.998990,-3.882586,-2.039906,-0.078039,39.704845,-35.229630,0.9336,1.0000,0.9602,0.9336,1.0000,0.9602,3176,3176,1.000000,0,2.0000
1774618645.267935038,-0.051736,-0.019345,-0.998473,-4.017303,-2.088040,-0.006049,15.320980,-10.418175,0.2347,1.0000,0.5408,0.2347,1.0000,0.5408,3154,3154,1.000000,0,2.0000
1774618645.317220926,-0.041789,-0.014796,-0.999017,-4.113556,-2.117310,-0.032827,-1.873016,19.353876,0.1053,1.0000,0.4632,0.1053,1.0000,0.4632,3127,3127,1.000000,0,2.0000
1774618645.366372108,-0.028798,-0.011071,-0.999524,-4.315543,-2.200596,-0.116941,-22.213472,48.537489,0.7250,1.0000,0.8350,0.7250,1.0000,0.8350,3023,3023,1.000000,0,2.0000
1774618645.416034937,-0.021575,-0.011417,-0.999702,-4.377021,-2.229546,-0.164011,-76.150014,68.266050,0.3728,1.0000,0.6237,0.3728,1.0000,0.6237,3009,3009,1.000000,0,2.0000
1774618645.465625048,-0.017730,-0.004690,-0.999832,-4.414749,-2.242981,-0.200028,-142.386823,53.641069,0.9308,1.0000,0.9585,0.9308,1.0000,0.9585,2974,2974,1.000000,0,2.0000
1774618645.514791965,-0.014375,0.002137,-0.999894,-4.445333,-2.244585,-0.233143,-161.728302,24.383823,0.4940,1.0000,0.6964,0.4940,1.0000,0.6964,2977,2977,1.000000,0,2.0000
1774618645.564403057,0.005339,0.003151,-0.999981,-4.387183,-2.214610,-0.336924,-169.801284,-8.155713,0.1459,1.0000,0.4876,0.1459,1.0000,0.4876,2820,2820,1.000000,0,2.0000
1774618645.614032030,-0.010285,0.006099,-0.999929,-4.411848,-2.228091,-0.246200,-176.915807,-40.533811,0.1946,1.0000,0.5167,0.1946,1.0000,0.5167,2995,2995,1.000000,0,2.0000
1774618645.663572073,-0.018962,-0.009581,-0.999774,-4.487782,-2.240882,-0.159610,168.592407,-70.434249,0.2999,1.0000,0.5800,0.2999,1.0000,0.5800,3111,3111,1.000000,0,2.0000
1774618645.713632107,-0.026610,-0.012509,-0.999568,-4.580575,-2.297489,-0.110707,38.088538,-73.836595,0.5661,1.0000,0.7397,0.5661,1.0000,0.7397,3160,3160,1.000000,0,2.0000
1774618645.763602018,-0.036124,-0.024401,-0.999049,-4.745344,-2.366774,-0.044491,20.437328,-41.921850,0.6854,1.0000,0.8112,0.6854,1.0000,0.8112,3108,3108,1.000000,0,2.0000
1774618645.813237906,-0.035935,-0.024901,-0.999044,-4.889588,-2.400874,0.015184,18.229564,-9.039887,0.2408,1.0000,0.5445,0.2408,1.0000,0.5445,3139,3139,1.000000,0,2.0000
1774618645.863209963,-0.020321,-0.014281,-0.999692,-5.001624,-2.469412,-0.107944,22.343468,25.054978,0.5794,1.0000,0.7476,0.5794,1.0000,0.7476,3092,3092,1.000000,0,2.0000
1774618645.913288116,-0.011398,-0.007200,-0.999909,-5.118088,-2.516252,-0.143228,35.738301,55.799657,0.8931,1.0000,0.9359,0.8931,1.0000,0.9359,2988,2988,1.000000,0,2.0000
1774618645.963274002,-0.007548,0.000415,-0.999971,-5.221446,-2.555383,-0.206968,105.808465,75.103458,0.3129,1.0000,0.5877,0.3129,1.0000,0.5877,2879,2879,1.000000,0,2.0000
1774618646.013251066,-0.010099,-0.005800,-0.999932,-5.248781,-2.530915,-0.186250,173.511755,52.816973,0.2920,1.0000,0.5752,0.2920,1.0000,0.5752,2890,2890,1.000000,0,2.0000
1774618646.063307047,-0.006114,0.008844,-0.999942,-5.303742,-2.546653,-0.252162,-172.219230,23.601780,0.2596,1.0000,0.5558,0.2596,1.0000,0.5558,2828,2828,1.000000,0,2.0000
1774618646.112833023,-0.006229,-0.003231,-0.999975,-5.294817,-2.575399,-0.151734,-160.405364,-5.519063,0.1821,1.0000,0.5093,0.1821,1.0000,0.5093,2963,2963,1.000000,0,2.0000
1774618646.162880898,-0.006793,0.006110,-0.999958,-5.297014,-2.575633,-0.211289,-143.129495,-34.978443,0.9115,1.0000,0.9469,0.9115,1.0000,0.9469,2916,2916,1.000000,0,2.0000
1774618646.213346004,-0.005071,-0.003105,-0.999982,-5.373942,-2.615801,-0.154092,-109.982845,-56.015197,0.6335,1.0000,0.7801,0.6335,1.0000,0.7801,2886,2886,1.000000,0,2.0000
1774618646.263278961,-0.004145,-0.016551,-0.999854,-5.477390,-2.664493,-0.081003,-48.938465,-57.023425,0.9141,1.0000,0.9484,0.9141,1.0000,0.9484,2833,2833,1.000000,0,2.0000
1774618646.313272953,-0.002878,-0.019434,-0.999807,-5.602652,-2.673888,-0.077039,-10.860185,-35.742702,0.4129,1.0000,0.6477,0.4129,1.0000,0.6477,2743,2743,1.000000,0,2.0000
1774618646.363342047,-0.001187,-0.017858,-0.999840,-5.748726,-2.737432,-0.070251,11.300775,-10.452972,0.1878,1.0000,0.5127,0.1878,1.0000,0.5127,2704,2704,1.000000,0,2.0000
1774618646.412903070,0.003756,-0.004005,-0.999985,-5.897141,-2.832079,-0.127567,32.295458,12.986148,0.4511,1.0000,0.6707,0.4511,1.0000,0.6707,2622,2622,1.000000,0,2.0000
1774618646.462961912,0.004055,0.002290,-0.999989,-6.011041,-2.874948,-0.162380,60.120889,32.229790,0.8003,1.0000,0.8802,0.8003,1.0000,0.8802,2521,2521,1.000000,0,2.0000
1774618646.513367891,0.005896,0.011899,-0.999912,-6.173294,-2.945995,-0.241473,97.711023,39.429935,0.3336,1.0000,0.6001,0.3336,1.0000,0.6001,2365,2365,1.000000,0,2.0000
1774618646.563282967,-0.003623,0.011746,-0.999924,-6.127702,-2.903872,-0.289457,136.654358,32.168763,0.9099,1.0000,0.9459,0.9099,1.0000,0.9459,2367,2367,1.000000,0,2.0000
1774618646.613369942,-0.002921,0.013185,-0.999909,-6.126297,-2.887124,-0.292793,166.805926,15.901942,0.2872,1.0000,0.5723,0.2872,1.0000,0.5723,2448,2448,1.000000,0,2.0000
1774618646.663275957,0.003582,0.016984,-0.999849,-6.127385,-2.912455,-0.243005,-167.080254,-1.694166,0.0754,1.0000,0.4452,0.0754,1.0000,0.4452,2517,2517,1.000000,0,2.0000
1774618646.713363886,0.006060,0.018357,-0.999813,-6.220156,-2.942897,-0.252207,-137.528983,-15.997291,0.5748,1.0000,0.7449,0.5748,1.0000,0.7449,2447,2447,1.000000,0,2.0000
1774618646.763334036,0.015401,0.017574,-0.999727,-6.292133,-2.980869,-0.180673,-104.603636,-23.361807,0.4072,1.0000,0.6443,0.4072,1.0000,0.6443,2468,2468,1.000000,0,2.0000
1774618646.813337088,0.025794,0.024890,-0.999357,-6.372642,-3.035196,-0.139874,-72.970003,-22.069204,0.4390,1.0000,0.6634,0.4390,1.0000,0.6634,2459,2459,1.000000,0,2.0000
1774618646.863734007,0.035859,0.014284,-0.999255,-6.454608,-3.040066,-0.069428,-40.360814,-14.614495,0.5331,1.0000,0.7199,0.5331,1.0000,0.7199,2502,2502,1.000000,0,2.0000
1774618646.913814068,0.036894,0.020201,-0.999115,-6.561593,-3.082936,-0.034679,-9.661733,-5.017248,0.1022,1.0000,0.4613,0.1022,1.0000,0.4613,2536,2536,1.000000,0,2.0000
1774618646.963749886,0.034495,0.026285,-0.999059,-6.737138,-3.175107,-0.112589,20.690339,3.240753,0.1401,1.0000,0.4841,0.1401,1.0000,0.4841,2480,2480,1.000000,0,2.0000
1774618647.013771057,0.026382,0.025623,-0.999324,-6.847520,-3.217376,-0.185540,52.101255,6.921312,0.3067,1.0000,0.5840,0.3067,1.0000,0.5840,2360,2360,1.000000,0,2.0000
1774618647.064239025,0.020390,0.030426,-0.999329,-6.928512,-3.258749,-0.219263,79.851578,5.634378,0.1137,1.0000,0.4682,0.1137,1.0000,0.4682,2294,2294,1.000000,0,2.0000
1774618647.114579916,0.019490,0.027398,-0.999435,-6.867101,-3.232830,-0.235031,106.589177,1.000257,0.0779,1.0000,0.4467,0.0779,1.0000,0.4467,2323,2323,1.000000,0,2.0000
1774618647.165359020,0.017858,0.025985,-0.999503,-6.885848,-3.249383,-0.271440,122.507408,-1.289737,0.1287,1.0000,0.4772,0.1287,1.0000,0.4772,2287,2287,1.000000,0,2.0000
1774618647.216592073,0.015333,0.027826,-0.999495,-6.888681,-3.270008,-0.297662,132.856396,-2.560066,0.1799,1.0000,0.5079,0.1799,1.0000,0.5079,2267,2267,1.000000,0,2.0000
1774618647.267838955,0.014590,0.027678,-0.999510,-6.919218,-3.261615,-0.299972,139.361717,-0.339246,0.1095,1.0000,0.4657,0.1095,1.0000,0.4657,2257,2257,1.000000,0,2.0000
1774618647.318218946,0.015263,0.028474,-0.999478,-6.915402,-3.259091,-0.285748,143.804377,-1.114347,0.1293,1.0000,0.4776,0.1293,1.0000,0.4776,2276,2276,1.000000,0,2.0000
1774618647.368666887,0.012126,0.026304,-0.999580,-6.898934,-3.257915,-0.305966,146.352761,-2.599794,0.1689,1.0000,0.5013,0.1689,1.0000,0.5013,2273,2273,1.000000,0,2.0000
1774618647.418608904,0.013419,0.025315,-0.999589,-6.899147,-3.260579,-0.303070,147.487191,-2.387078,0.1602,1.0000,0.4961,0.1602,1.0000,0.4961,2272,2272,1.000000,0,2.0000
1774618647.468195915,0.015191,0.024388,-0.999587,-6.893679,-3.254890,-0.275708,147.219838,-1.552037,0.1367,1.0000,0.4820,0.1367,1.0000,0.4820,2308,2308,1.000000,0,2.0000
1774618647.518253088,0.015296,0.025063,-0.999569,-6.922018,-3.262088,-0.275378,144.689018,-0.849073,0.1202,1.0000,0.4721,0.1202,1.0000,0.4721,2299,2299,1.000000,0,2.0000
1774618647.567854881,0.016226,0.023101,-0.999601,-6.928932,-3.261693,-0.271614,142.779558,-0.627173,0.1158,1.0000,0.4695,0.1158,1.0000,0.4695,2308,2308,1.000000,0,2.0000
1774618647.617464066,0.017205,0.021294,-0.999625,-6.911072,-3.265874,-0.226033,141.622672,-1.428623,0.1414,1.0000,0.4848,0.1414,1.0000,0.4848,2368,2368,1.000000,0,2.0000
1774618647.667140007,0.017555,0.022423,-0.999594,-6.898783,-3.258698,-0.219476,140.720499,-1.307832,0.1385,1.0000,0.4831,0.1385,1.0000,0.4831,2374,2374,1.000000,0,2.0000
1774618647.716674089,0.016395,0.021974,-0.999624,-6.923069,-3.252880,-0.261413,138.765565,-0.868080,0.1263,1.0000,0.4758,0.1263,1.0000,0.4758,2333,2333,1.000000,0,2.0000
1774618647.766254902,0.016827,0.022264,-0.999611,-6.916748,-3.246151,-0.255140,137.384497,-1.072116,0.1333,1.0000,0.4800,0.1333,1.0000,0.4800,2343,2343,1.000000,0,2.0000
1774618647.815920115,0.017986,0.021654,-0.999604,-6.923279,-3.245371,-0.250485,136.699678,-1.229330,0.1384,1.0000,0.4830,0.1384,1.0000,0.4830,2345,2345,1.000000,0,2.0000
1774618647.865530968,0.016392,0.021466,-0.999635,-6.924835,-3.236805,-0.260669,137.010942,-1.216820,0.1379,1.0000,0.4827,0.1379,1.0000,0.4827,2343,2343,1.000000,0,2.0000
1774618647.915488958,0.014397,0.020370,-0.999689,-6.915010,-3.225743,-0.266473,137.843712,-1.063370,0.1328,1.0000,0.4797,0.1328,1.0000,0.4797,2354,2354,1.000000,0,2.0000
1774618647.965477943,0.012011,0.020657,-0.999714,-6.916829,-3.222996,-0.298242,138.305042,-0.039042,0.1006,1.0000,0.4604,0.1006,1.0000,0.4604,2321,2321,1.000000,0,2.0000
1774618648.015544891,0.011885,0.020395,-0.999721,-6.915268,-3.218593,-0.291794,138.355099,0.262304,0.1076,1.0000,0.4645,0.1076,1.0000,0.4645,2336,2336,1.000000,0,2.0000
1774618648.065490007,0.013838,0.019952,-0.999705,-6.924662,-3.226751,-0.273237,138.381954,0.496897,0.1149,1.0000,0.4689,0.1149,1.0000,0.4689,2358,2358,1.000000,0,2.0000
1774618648.115967035,0.014479,0.020255,-0.999690,-6.923068,-3.225298,-0.270202,138.516695,1.026670,0.1314,1.0000,0.4788,0.1314,1.0000,0.4788,2379,2379,1.000000,0,2.0000
1774618648.165946007,0.012662,0.019226,-0.999735,-6.919398,-3.223904,-0.272496,138.686265,1.693602,0.1520,1.0000,0.4912,0.1520,1.0000,0.4912,2388,2388,1.000000,0,2.0000
1774618648.215976954,0.012721,0.019404,-0.999731,-6.920337,-3.224748,-0.272292,138.821575,2.451545,0.1755,1.0000,0.5053,0.1755,1.0000,0.5053,2394,2394,1.000000,0,2.0000
1774618648.265973091,0.009757,0.020280,-0.999747,-6.913573,-3.211853,-0.282786,139.105815,3.527558,0.2086,1.0000,0.5252,0.2086,1.0000,0.5252,2384,2384,1.000000,0,2.0000
1774618648.316334009,0.010210,0.019338,-0.999761,-6.919510,-3.212953,-0.280299,138.487280,3.898129,0.2206,1.0000,0.5324,0.2206,1.0000,0.5324,2384,2384,1.000000,0,2.0000
1774618648.366772890,0.010954,0.017702,-0.999783,-6.906193,-3.221161,-0.271349,138.090762,4.527088,0.2404,1.0000,0.5442,0.2404,1.0000,0.5442,2412,2412,1.000000,0,2.0000
1774618648.416748047,0.011412,0.021210,-0.999710,-6.926312,-3.222071,-0.284884,137.934964,5.698745,0.2765,1.0000,0.5659,0.2765,1.0000,0.5659,2375,2375,1.000000,0,2.0000
1774618648.467149019,0.010044,0.019972,-0.999750,-6.906727,-3.214731,-0.287912,139.261419,7.149559,0.3191,1.0000,0.5914,0.3191,1.0000,0.5914,2399,2399,1.000000,0,2.0000
1774618648.517201900,0.009425,0.019056,-0.999774,-6.902322,-3.219772,-0.290313,140.690015,8.622895,0.3603,1.0000,0.6162,0.3603,1.0000,0.6162,2401,2401,1.000000,0,2.0000
1774618648.567173958,0.009582,0.015852,-0.999828,-6.884449,-3.218023,-0.271669,142.589533,10.076649,0.3972,1.0000,0.6383,0.3972,1.0000,0.6383,2445,2445,1.000000,0,2.0000
1774618648.617161989,0.008587,0.017200,-0.999815,-6.877919,-3.199099,-0.273370,144.103050,11.486121,0.4309,1.0000,0.6586,0.4309,1.0000,0.6586,2451,2451,1.000000,0,2.0000
1774618648.667190075,0.011263,0.018742,-0.999761,-6.882728,-3.186611,-0.230776,145.012492,12.736042,0.4606,1.0000,0.6763,0.4606,1.0000,0.6763,2511,2511,1.000000,0,2.0000
1774618648.717237949,0.012275,0.021294,-0.999698,-6.859930,-3.165416,-0.213016,146.799907,15.775096,0.5279,1.0000,0.7168,0.5279,1.0000,0.7168,2571,2571,1.000000,0,2.0000
1774618648.766769886,0.020340,0.020932,-0.999574,-6.859424,-3.147847,-0.171152,147.183911,18.687474,0.5945,1.0000,0.7567,0.5945,1.0000,0.7567,2638,2638,1.000000,0,2.0000
1774618648.816840887,0.025730,0.019279,-0.999483,-6.841774,-3.138071,-0.110244,147.559584,22.132779,0.6662,1.0000,0.7997,0.6662,1.0000,0.7997,2739,2739,1.000000,0,2.0000
1774618648.866835117,0.029653,0.016943,-0.999417,-6.835407,-3.126421,-0.053531,147.837536,25.459700,0.7277,1.0000,0.8366,0.7277,1.0000,0.8366,2781,2781,1.000000,0,2.0000
1774618648.916403055,0.034469,0.014801,-0.999296,-6.817512,-3.120642,0.025498,148.937302,28.271882,0.7620,1.0000,0.8572,0.7620,1.0000,0.8572,2866,2866,1.000000,0,2.0000
1774618648.966476917,0.027185,0.007103,-0.999605,-6.802275,-3.111296,0.087565,150.536204,31.410330,0.7843,1.0000,0.8706,0.7843,1.0000,0.8706,2848,2848,1.000000,0,2.0000
1774618649.016460896,0.008603,-0.016949,-0.999819,-6.777938,-3.106149,0.163409,152.761489,33.934380,0.7773,1.0000,0.8664,0.7773,1.0000,0.8664,2615,2615,1.000000,0,2.0000
1774618649.066458941,0.017181,-0.000334,-0.999852,-6.752316,-3.103330,0.236457,154.780476,36.102656,0.7597,1.0000,0.8558,0.7597,1.0000,0.8558,2054,2054,1.000000,0,2.0000
1774618649.116030931,0.016230,0.000642,-0.999868,-6.728860,-3.107678,0.315888,156.784434,37.520155,0.7292,1.0000,0.8375,0.7292,1.0000,0.8375,1920,1920,1.000000,0,2.0000
1774618649.166084051,0.003136,0.001700,-0.999994,-6.703656,-3.110786,0.388408,159.390508,38.699637,0.6780,1.0000,0.8068,0.6780,1.0000,0.8068,1907,1907,1.000000,0,2.0000
1774618649.216466904,0.001381,-0.006088,-0.999981,-6.668291,-3.109323,0.452570,163.013811,39.947038,0.5945,1.0000,0.7567,0.5945,1.0000,0.7567,1908,1908,1.000000,0,2.0000
1774618649.266447067,0.004819,-0.001559,-0.999987,-6.635117,-3.106334,0.506869,167.578515,41.165045,0.4743,1.0000,0.6846,0.4743,1.0000,0.6846,1904,1904,1.000000,0,2.0000
1774618649.316544056,-0.002116,0.006919,-0.999974,-6.604566,-3.111665,0.569073,171.896568,41.650010,0.3490,1.0000,0.6094,0.3490,1.0000,0.6094,1891,1891,1.000000,0,2.0000
1774618649.366472960,0.015651,0.001766,-0.999876,-6.595144,-3.118636,0.629684,175.406398,41.915249,0.2424,1.0000,0.5455,0.2424,1.0000,0.5455,1877,1877,1.000000,0,2.0000
1774618649.416495085,0.015496,0.000030,-0.999880,-6.585680,-3.120151,0.673741,177.865074,42.972959,0.1666,1.0000,0.5000,0.1666,1.0000,0.5000,1874,1874,1.000000,0,2.0000
1774618649.466475964,0.021762,0.005791,-0.999746,-6.574574,-3.122825,0.712703,178.952232,44.913905,0.1329,1.0000,0.4797,0.1329,1.0000,0.4797,1877,1877,1.000000,0,2.0000
1774618649.516488075,0.020529,0.003392,-0.999784,-6.547283,-3.124141,0.735351,179.552855,46.766593,0.1139,1.0000,0.4683,0.1139,1.0000,0.4683,1885,1885,1.000000,0,2.0000
1774618649.566896915,0.028596,0.008609,-0.999554,-6.522110,-3.129146,0.757970,179.612222,48.453306,0.1114,1.0000,0.4669,0.1114,1.0000,0.4669,1881,1881,1.000000,0,2.0000
1774618649.616892099,0.030946,0.009408,-0.999477,-6.496571,-3.137995,0.776199,-179.820503,49.779713,0.1043,1.0000,0.4626,0.1043,1.0000,0.4626,1864,1864,1.000000,0,2.0000
1774618649.666934967,0.028136,0.010938,-0.999544,-6.462420,-3.144586,0.786862,-178.829234,50.741506,0.1343,1.0000,0.4806,0.1343,1.0000,0.4806,1858,1858,1.000000,0,2.0000
1774618649.717355013,0.028029,0.010448,-0.999553,-6.435710,-3.153002,0.790840,-178.134711,51.849186,0.1545,1.0000,0.4927,0.1545,1.0000,0.4927,1857,1857,1.000000,0,2.0000
1774618649.767363071,0.034200,0.012579,-0.999336,-6.445601,-3.179225,0.797784,-178.229881,53.325432,0.1497,1.0000,0.4898,0.1497,1.0000,0.4898,1860,1860,1.000000,0,2.0000
1774618649.817420959,0.032887,0.013148,-0.999373,-6.406905,-3.182571,0.804613,-179.332632,54.747690,0.1147,1.0000,0.4688,0.1147,1.0000,0.4688,1850,1850,1.000000,0,2.0000
1774618649.867301941,0.021067,0.011379,-0.999713,-6.325295,-3.166610,0.819977,179.555966,55.726078,0.1068,1.0000,0.4641,0.1068,1.0000,0.4641,1877,1877,1.000000,0,2.0000
1774618649.917738914,0.024805,0.012283,-0.999617,-6.284012,-3.169491,0.832445,178.823782,58.132610,0.1242,1.0000,0.4745,0.1242,1.0000,0.4745,1893,1893,1.000000,0,2.0000
1774618649.967811108,0.019616,0.014594,-0.999701,-6.240564,-3.168293,0.841641,178.722289,61.186220,0.1205,1.0000,0.4723,0.1205,1.0000,0.4723,1919,1919,1.000000,0,2.0000
1774618650.018213034,0.023806,0.017371,-0.999566,-6.213136,-3.177302,0.851978,178.369784,63.170155,0.1247,1.0000,0.4748,0.1247,1.0000,0.4748,1947,1947,1.000000,0,2.0000
1774618650.068126917,0.023740,0.018113,-0.999554,-6.149783,-3.175188,0.859279,176.817134,64.053274,0.1615,1.0000,0.4969,0.1615,1.0000,0.4969,1968,1968,1.000000,0,2.0000
1774618650.118176937,0.024574,0.016255,-0.999566,-6.131620,-3.190036,0.866673,175.850389,64.792304,0.1825,1.0000,0.5095,0.1825,1.0000,0.5095,1970,1970,1.000000,0,2.0000
1774618650.168165922,0.024709,0.014915,-0.999583,-6.157480,-3.218042,0.869019,176.290071,66.105821,0.1658,1.0000,0.4995,0.1658,1.0000,0.4995,1956,1956,1.000000,0,2.0000
1774618650.218190908,0.022416,0.015430,-0.999630,-6.133362,-3.231793,0.872682,176.948358,66.509211,0.1483,1.0000,0.4890,0.1483,1.0000,0.4890,1953,1953,1.000000,0,2.0000
1774618650.267384052,0.022443,0.015231,-0.999632,-6.104620,-3.238212,0.872052,177.280655,66.636552,0.1400,1.0000,0.4840,0.1400,1.0000,0.4840,1968,1968,1.000000,0,2.0000
1774618650.317408085,0.022257,0.014449,-0.999648,-6.074017,-3.244214,0.871987,177.452167,66.982128,0.1346,1.0000,0.4807,0.1346,1.0000,0.4807,1979,1979,1.000000,0,2.0000
1774618650.367434025,0.020791,0.016195,-0.999653,-6.039070,-3.248502,0.869726,176.749385,66.358836,0.1537,1.0000,0.4922,0.1537,1.0000,0.4922,2007,2007,1.000000,0,2.0000
1774618650.417097092,0.019783,0.016908,-0.999661,-6.006661,-3.254119,0.865566,175.743475,65.613466,0.1812,1.0000,0.5087,0.1812,1.0000,0.5087,2023,2023,1.000000,0,2.0000
1774618650.466257095,0.019135,0.018763,-0.999641,-5.969667,-3.263167,0.864623,174.383320,65.304410,0.2156,1.0000,0.5294,0.2156,1.0000,0.5294,2032,2032,1.000000,0,2.0000
1774618650.516254902,0.020767,0.020860,-0.999567,-5.932958,-3.271745,0.857658,172.216411,64.716710,0.2716,1.0000,0.5629,0.2716,1.0000,0.5629,2035,2035,1.000000,0,2.0000
1774618650.565886974,0.021153,0.021445,-0.999546,-5.881885,-3.276972,0.854911,170.460295,64.238706,0.3172,1.0000,0.5903,0.3172,1.0000,0.5903,2050,2050,1.000000,0,2.0000
1774618650.615822077,0.019473,0.019241,-0.999625,-5.842845,-3.287412,0.853088,169.215138,64.445982,0.3449,1.0000,0.6069,0.3449,1.0000,0.6069,2053,2053,1.000000,0,2.0000
1774618650.665921926,0.020801,0.023189,-0.999515,-5.811542,-3.302987,0.858124,169.531801,64.848301,0.3341,1.0000,0.6005,0.3341,1.0000,0.6005,2045,2045,1.000000,0,2.0000
1774618650.715816975,0.015019,0.021456,-0.999657,-5.762615,-3.312181,0.858906,171.265025,66.146984,0.2835,1.0000,0.5701,0.2835,1.0000,0.5701,2002,2002,1.000000,0,2.0000
1774618650.766259909,0.016044,0.021067,-0.999649,-5.736417,-3.331443,0.860381,174.821990,67.227860,0.1944,1.0000,0.5166,0.1944,1.0000,0.5166,1990,1990,1.000000,0,2.0000
1774618650.816229105,0.014938,0.018658,-0.999714,-5.686995,-3.343959,0.868269,179.089333,68.121759,0.0929,1.0000,0.4557,0.0929,1.0000,0.4557,1998,1998,1.000000,0,2.0000
1774618650.866728067,0.006759,0.015516,-0.999857,-5.603752,-3.336025,0.875403,-176.463527,69.018648,0.1479,1.0000,0.4888,0.1479,1.0000,0.4888,2036,2036,1.000000,0,2.0000
1774618650.916259050,0.006870,0.014505,-0.999871,-5.568008,-3.346060,0.887975,-174.758618,69.799806,0.1802,1.0000,0.5081,0.1802,1.0000,0.5081,2035,2035,1.000000,0,2.0000
1774618650.966274977,0.006274,0.013608,-0.999888,-5.475191,-3.340973,0.892116,-176.524053,69.840816,0.1426,1.0000,0.4855,0.1426,1.0000,0.4855,2075,2075,1.000000,0,2.0000
1774618651.015888929,0.000576,0.013426,-0.999910,-5.373277,-3.327077,0.882456,-179.867547,69.506030,0.0719,1.0000,0.4431,0.0719,1.0000,0.4431,2107,2107,1.000000,0,2.0000
1774618651.065895081,0.000293,0.013253,-0.999912,-5.368244,-3.351615,0.882268,178.993270,68.651113,0.0935,1.0000,0.4561,0.0935,1.0000,0.4561,2091,2091,1.000000,0,2.0000
1774618651.115946054,0.001381,0.013516,-0.999908,-5.364351,-3.384068,0.882707,178.730791,68.046310,0.1013,1.0000,0.4608,0.1013,1.0000,0.4608,2057,2057,1.000000,0,2.0000
1774618651.165889025,0.002136,0.015403,-0.999879,-5.352326,-3.408562,0.873478,178.247397,67.585054,0.1139,1.0000,0.4683,0.1139,1.0000,0.4683,2032,2032,1.000000,0,2.0000
1774618651.216259956,0.000550,0.017227,-0.999851,-5.331649,-3.424645,0.874061,178.109981,66.911380,0.1194,1.0000,0.4716,0.1194,1.0000,0.4716,2012,2012,1.000000,0,2.0000
1774618651.266330957,0.006090,0.013530,-0.999890,-5.272049,-3.431267,0.873430,178.314419,67.220531,0.1136,1.0000,0.4681,0.1136,1.0000,0.4681,1971,1971,1.000000,0,2.0000
1774618651.316711903,0.006954,0.012942,-0.999892,-5.231498,-3.439004,0.874313,177.591386,67.864245,0.1279,1.0000,0.4767,0.1279,1.0000,0.4767,1935,1935,1.000000,0,2.0000
1774618651.366719007,0.007256,0.009343,-0.999930,-5.187411,-3.450479,0.880106,177.334233,68.785990,0.1299,1.0000,0.4779,0.1299,1.0000,0.4779,1925,1925,1.000000,0,2.0000
1774618651.417097092,0.003167,0.007275,-0.999969,-5.143531,-3.457770,0.892138,176.735381,68.770778,0.1432,1.0000,0.4859,0.1432,1.0000,0.4859,1924,1924,1.000000,0,2.0000
1774618651.467111111,0.004552,0.003776,-0.999983,-5.096113,-3.458018,0.892918,176.267634,69.266175,0.1510,1.0000,0.4906,0.1510,1.0000,0.4906,1909,1909,1.000000,0,2.0000
1774618651.517102003,0.005449,0.004612,-0.999975,-5.085000,-3.472504,0.897154,177.703972,70.334591,0.1153,1.0000,0.4692,0.1153,1.0000,0.4692,1896,1896,1.000000,0,2.0000
1774618651.567164898,0.005349,0.006447,-0.999965,-5.091132,-3.503375,0.892260,178.322111,70.716880,0.1009,1.0000,0.4606,0.1009,1.0000,0.4606,1857,1857,1.000000,0,2.0000
1774618651.617122889,0.002820,0.008809,-0.999957,-5.053120,-3.499926,0.897335,177.732572,69.767400,0.1171,1.0000,0.4703,0.1171,1.0000,0.4703,1844,1844,1.000000,0,2.0000
1774618651.667196035,0.005261,0.007670,-0.999957,-4.975455,-3.487516,0.897133,177.383847,69.384448,0.1262,1.0000,0.4757,0.1262,1.0000,0.4757,1846,1846,1.000000,0,2.0000
1774618651.717195988,0.003844,0.007401,-0.999965,-4.999837,-3.513898,0.891844,177.564179,68.905736,0.1243,1.0000,0.4746,0.1243,1.0000,0.4746,1821,1821,1.000000,0,2.0000
1774618651.767194033,0.007417,0.006109,-0.999954,-5.016466,-3.536125,0.885918,176.816942,67.780760,0.1459,1.0000,0.4875,0.1459,1.0000,0.4875,1804,1804,1.000000,0,2.0000
1774618651.817183018,0.004646,0.005953,-0.999971,-4.988216,-3.538733,0.878473,176.857928,67.735815,0.1451,1.0000,0.4871,0.1451,1.0000,0.4871,1786,1786,1.000000,0,2.0000
1774618651.867168903,0.007604,-0.000511,-0.999971,-4.946743,-3.543257,0.880259,178.043512,68.079533,0.1168,1.0000,0.4701,0.1168,1.0000,0.4701,1749,1749,1.000000,0,2.0000
1774618651.918503046,0.008242,-0.009882,-0.999917,-4.901776,-3.536311,0.882606,179.501263,68.264261,0.0832,1.0000,0.4499,0.0832,1.0000,0.4499,1726,1726,1.000000,0,2.0000
1774618651.967195034,0.007920,-0.006850,-0.999945,-4.897039,-3.528582,0.883670,-178.922670,68.414357,0.0958,1.0000,0.4575,0.0958,1.0000,0.4575,1735,1735,1.000000,0,2.0000
1774618652.017230988,0.009134,-0.015928,-0.999831,-4.833330,-3.503823,0.882865,-177.480151,68.691055,0.1270,1.0000,0.4762,0.1270,1.0000,0.4762,1714,1714,1.000000,0,2.0000
1774618652.067222118,0.008868,-0.016881,-0.999818,-4.800331,-3.487962,0.891871,-176.689768,68.645619,0.1448,1.0000,0.4869,0.1448,1.0000,0.4869,1706,1706,1.000000,0,2.0000
1774618652.117213964,0.013811,-0.041680,-0.999036,-4.754070,-3.494222,0.896371,-174.173179,69.765243,0.1928,1.0000,0.5157,0.1928,1.0000,0.5157,1633,1633,1.000000,0,2.0000
1774618652.167220116,0.042183,-0.149654,-0.987838,-4.710127,-3.485554,0.886618,-173.991287,70.748020,0.1898,1.0000,0.5139,0.1898,1.0000,0.5139,1600,1600,1.000000,0,2.0000
1774618652.217196941,0.019666,-0.072357,-0.997185,-4.672542,-3.461413,0.889716,-175.450645,70.440573,0.1618,1.0000,0.4971,0.1618,1.0000,0.4971,1612,1612,1.000000,0,2.0000
1774618652.267317057,0.036516,-0.127363,-0.991184,-4.653893,-3.456139,0.888852,-176.095420,70.303306,0.1492,1.0000,0.4895,0.1492,1.0000,0.4895,1609,1609,1.000000,0,2.0000
1774618652.317264080,0.016636,-0.054658,-0.998367,-4.624558,-3.435365,0.887779,-176.556345,70.525691,0.1384,1.0000,0.4831,0.1384,1.0000,0.4831,1635,1635,1.000000,0,2.0000
1774618652.367203951,0.030778,-0.110069,-0.993447,-4.589694,-3.418445,0.890186,-177.291854,70.258399,0.1243,1.0000,0.4746,0.1243,1.0000,0.4746,1629,1629,1.000000,0,2.0000
1774618652.417278051,0.015343,-0.056961,-0.998258,-4.605224,-3.422594,0.888228,-176.988289,70.281558,0.1306,1.0000,0.4784,0.1306,1.0000,0.4784,1640,1640,1.000000,0,2.0000
1774618652.467250109,0.009060,-0.035221,-0.999338,-4.615638,-3.410155,0.887630,-176.328473,69.956179,0.1461,1.0000,0.4877,0.1461,1.0000,0.4877,1684,1684,1.000000,0,2.0000
1774618652.517251968,0.009910,-0.036038,-0.999301,-4.604160,-3.404094,0.876637,-176.485079,69.933326,0.1429,1.0000,0.4858,0.1429,1.0000,0.4858,1694,1694,1.000000,0,2.0000
1774618652.567682981,0.011402,-0.031336,-0.999444,-4.581119,-3.383137,0.869225,-176.009078,70.354131,0.1507,1.0000,0.4904,0.1507,1.0000,0.4904,1727,1727,1.000000,0,2.0000
1774618652.617676020,0.007516,-0.027916,-0.999582,-4.600763,-3.383138,0.875163,-175.051127,70.066697,0.1724,1.0000,0.5034,0.1724,1.0000,0.5034,1736,1736,1.000000,0,2.0000
1774618652.667329073,0.006675,-0.021667,-0.999743,-4.599908,-3.378252,0.881756,-175.269668,69.710410,0.1699,1.0000,0.5020,0.1699,1.0000,0.5020,1755,1755,1.000000,0,2.0000
1774618652.717288017,0.005784,-0.015339,-0.999866,-4.579298,-3.350264,0.881036,-176.338341,69.740121,0.1470,1.0000,0.4882,0.1470,1.0000,0.4882,1811,1811,1.000000,0,2.0000
1774618652.767338991,0.005536,-0.009893,-0.999936,-4.566134,-3.337328,0.885316,-177.827406,69.444369,0.1163,1.0000,0.4698,0.1163,1.0000,0.4698,1830,1830,1.000000,0,2.0000
1774618652.817318916,0.005375,-0.013126,-0.999899,-4.588704,-3.333799,0.882172,-179.724030,69.423826,0.0752,1.0000,0.4451,0.0752,1.0000,0.4451,1872,1872,1.000000,0,2.0000
1774618652.867357016,0.002722,-0.013118,-0.999910,-4.625625,-3.349186,0.894726,179.985297,68.768729,0.0711,1.0000,0.4427,0.0711,1.0000,0.4427,1848,1848,1.000000,0,2.0000
1774618652.916977882,0.002180,-0.011921,-0.999927,-4.615643,-3.335102,0.893121,177.720058,68.100826,0.1240,1.0000,0.4744,0.1240,1.0000,0.4744,1877,1877,1.000000,0,2.0000
1774618652.966918945,0.001925,-0.018004,-0.999836,-4.531448,-3.282967,0.890352,175.826825,67.496810,0.1699,1.0000,0.5019,0.1699,1.0000,0.5019,1918,1918,1.000000,0,2.0000
1774618653.016983032,-0.001221,-0.014907,-0.999888,-4.526350,-3.276459,0.892522,175.308379,67.487706,0.1818,1.0000,0.5091,0.1818,1.0000,0.5091,1934,1934,1.000000,0,2.0000
1774618653.067008018,-0.001757,-0.015175,-0.999883,-4.520956,-3.258838,0.900459,175.306435,67.938392,0.1793,1.0000,0.5076,0.1793,1.0000,0.5076,1949,1949,1.000000,0,2.0000
1774618653.116971970,-0.002277,-0.008802,-0.999959,-4.568465,-3.278526,0.901470,174.718006,68.496700,0.1892,1.0000,0.5135,0.1892,1.0000,0.5135,1943,1943,1.000000,0,2.0000
1774618653.166979074,-0.002942,-0.009123,-0.999954,-4.568478,-3.265322,0.901035,173.091563,68.428017,0.2253,1.0000,0.5352,0.2253,1.0000,0.5352,1959,1959,1.000000,0,2.0000
1774618653.216995955,-0.004915,-0.013159,-0.999901,-4.565625,-3.246571,0.906717,172.015757,68.364177,0.2492,1.0000,0.5495,0.2492,1.0000,0.5495,1990,1990,1.000000,0,2.0000
1774618653.267009020,-0.007328,-0.010694,-0.999916,-4.571922,-3.237324,0.910186,171.829538,68.919196,0.2487,1.0000,0.5492,0.2487,1.0000,0.5492,2013,2013,1.000000,0,2.0000
1774618653.316967964,-0.008196,-0.009659,-0.999920,-4.572925,-3.221550,0.908515,172.544586,68.786409,0.2345,1.0000,0.5407,0.2345,1.0000,0.5407,2027,2027,1.000000,0,2.0000
1774618653.367047071,-0.007997,-0.010439,-0.999914,-4.562318,-3.206273,0.906163,173.101482,68.227424,0.2265,1.0000,0.5359,0.2265,1.0000,0.5359,2047,2047,1.000000,0,2.0000
1774618653.416987896,-0.006451,-0.008305,-0.999945,-4.544922,-3.181599,0.897504,173.027992,68.083833,0.2292,1.0000,0.5375,0.2292,1.0000,0.5375,2053,2053,1.000000,0,2.0000
1774618653.466995001,-0.008190,-0.010767,-0.999908,-4.523509,-3.153151,0.889002,172.896057,68.205404,0.2312,1.0000,0.5387,0.2312,1.0000,0.5387,2069,2069,1.000000,0,2.0000
1774618653.517402887,-0.008583,-0.010910,-0.999904,-4.515624,-3.127187,0.887671,173.037114,68.521425,0.2258,1.0000,0.5355,0.2258,1.0000,0.5355,2086,2086,1.000000,0,2.0000
1774618653.566960096,-0.010065,-0.011803,-0.999880,-4.505207,-3.104418,0.892838,173.781295,69.253137,0.2046,1.0000,0.5228,0.2046,1.0000,0.5228,2115,2115,1.000000,0,2.0000
1774618653.617101908,-0.009570,-0.010036,-0.999904,-4.493827,-3.071648,0.890047,173.162181,70.524820,0.2082,1.0000,0.5249,0.2082,1.0000,0.5249,2165,2165,1.000000,0,2.0000
1774618653.666959047,-0.010048,-0.010418,-0.999895,-4.477813,-3.036507,0.892853,173.888854,70.924086,0.1906,1.0000,0.5143,0.1906,1.0000,0.5143,2218,2218,1.000000,0,2.0000
1774618653.717046022,-0.010138,-0.008569,-0.999912,-4.475565,-3.008751,0.902188,176.413583,70.786600,0.1400,1.0000,0.4840,0.1400,1.0000,0.4840,2284,2284,1.000000,0,2.0000
1774618653.767040014,-0.014049,-0.010401,-0.999847,-4.465096,-2.976329,0.910511,179.354800,70.994890,0.0787,1.0000,0.4472,0.0787,1.0000,0.4472,2331,2331,1.000000,0,2.0000
1774618653.817404032,-0.011559,-0.009642,-0.999887,-4.446042,-2.944303,0.921297,-177.076889,71.173236,0.1245,1.0000,0.4747,0.1245,1.0000,0.4747,2357,2357,1.000000,0,2.0000
1774618653.867436886,-0.012144,-0.010311,-0.999873,-4.432157,-2.916780,0.928455,-174.850834,71.966321,0.1643,1.0000,0.4986,0.1643,1.0000,0.4986,2390,2390,1.000000,0,2.0000
1774618653.917021036,-0.012223,-0.010402,-0.999871,-4.426289,-2.895283,0.930589,-174.337246,73.454987,0.1637,1.0000,0.4982,0.1637,1.0000,0.4982,2412,2412,1.000000,0,2.0000
1774618653.967089891,-0.012907,-0.010188,-0.999865,-4.417513,-2.875538,0.928321,-177.235607,74.781741,0.1038,1.0000,0.4623,0.1038,1.0000,0.4623,2439,2439,1.000000,0,2.0000
1774618654.017067909,-0.011882,-0.009521,-0.999884,-4.403581,-2.856094,0.926323,178.842303,74.660526,0.0763,1.0000,0.4458,0.0763,1.0000,0.4458,2459,2459,1.000000,0,2.0000
1774618654.067042112,-0.012222,-0.010071,-0.999875,-4.379384,-2.834622,0.926826,178.038488,73.974835,0.0933,1.0000,0.4560,0.0933,1.0000,0.4560,2473,2473,1.000000,0,2.0000
1774618654.117067099,-0.012876,-0.010716,-0.999860,-4.378853,-2.819508,0.928725,179.454382,73.605815,0.0688,1.0000,0.4413,0.0688,1.0000,0.4413,2482,2482,1.000000,0,2.0000
1774618654.167068005,-0.012175,-0.010241,-0.999873,-4.373807,-2.804316,0.927609,179.178425,73.728731,0.0735,1.0000,0.4441,0.0735,1.0000,0.4441,2497,2497,1.000000,0,2.0000
1774618654.217057943,-0.011561,-0.010374,-0.999879,-4.355481,-2.784967,0.923684,179.796614,74.153977,0.0609,1.0000,0.4366,0.0609,1.0000,0.4366,2499,2499,1.000000,0,2.0000
1774618654.267478943,-0.012370,-0.011417,-0.999858,-4.359217,-2.768811,0.919673,-178.638011,74.421022,0.0808,1.0000,0.4485,0.0808,1.0000,0.4485,2503,2503,1.000000,0,2.0000
1774618654.317562103,-0.012311,-0.010587,-0.999868,-4.360307,-2.752931,0.921199,-177.151359,74.118182,0.1086,1.0000,0.4652,0.1086,1.0000,0.4652,2506,2506,1.000000,0,2.0000
1774618654.367486000,-0.013005,-0.010687,-0.999858,-4.357614,-2.736778,0.921009,-175.558621,74.111187,0.1372,1.0000,0.4823,0.1372,1.0000,0.4823,2507,2507,1.000000,0,2.0000
1774618654.417515993,-0.013350,-0.010600,-0.999855,-4.348278,-2.722666,0.918598,-174.459835,74.057004,0.1571,1.0000,0.4942,0.1571,1.0000,0.4942,2516,2516,1.000000,0,2.0000
1774618654.467504978,-0.013715,-0.011378,-0.999841,-4.332893,-2.711664,0.917782,-175.154392,73.950908,0.1454,1.0000,0.4873,0.1454,1.0000,0.4873,2514,2514,1.000000,0,2.0000
1774618654.517107964,-0.014928,-0.011470,-0.999823,-4.311068,-2.696623,0.918241,-177.177590,73.678514,0.1104,1.0000,0.4662,0.1104,1.0000,0.4662,2516,2516,1.000000,0,2.0000
1774618654.567131996,-0.013872,-0.011742,-0.999835,-4.283238,-2.680790,0.923888,-179.035080,73.025303,0.0785,1.0000,0.4471,0.0785,1.0000,0.4471,2501,2501,1.000000,0,2.0000
1774618654.617124081,-0.017404,-0.012692,-0.999768,-4.266924,-2.667675,0.925928,-179.088588,73.020188,0.0775,1.0000,0.4465,0.0775,1.0000,0.4465,2482,2482,1.000000,0,2.0000
1774618654.667092085,-0.017852,-0.014070,-0.999742,-4.256513,-2.655288,0.928211,-177.722373,72.919310,0.1038,1.0000,0.4623,0.1038,1.0000,0.4623,2471,2471,1.000000,0,2.0000
1774618654.717154026,-0.017115,-0.014374,-0.999750,-4.234640,-2.640860,0.929819,-176.733306,72.612959,0.1241,1.0000,0.4745,0.1241,1.0000,0.4745,2459,2459,1.000000,0,2.0000
1774618654.767133951,-0.015271,-0.011825,-0.999813,-4.203994,-2.626547,0.931030,-176.169929,72.110034,0.1377,1.0000,0.4826,0.1377,1.0000,0.4826,2454,2454,1.000000,0,2.0000
1774618654.817148924,-0.014104,-0.011885,-0.999830,-4.169022,-2.613651,0.927999,-174.910840,71.833888,0.1640,1.0000,0.4984,0.1640,1.0000,0.4984,2427,2427,1.000000,0,2.0000
1774618654.867166042,-0.011378,-0.011372,-0.999871,-4.147103,-2.604390,0.929900,-173.793298,71.044902,0.1916,1.0000,0.5150,0.1916,1.0000,0.5150,2408,2408,1.000000,0,2.0000
1774618654.916790962,-0.006393,-0.008349,-0.999945,-4.115392,-2.593011,0.921238,-173.416946,71.335848,0.1970,1.0000,0.5182,0.1970,1.0000,0.5182,2363,2363,1.000000,0,2.0000
1774618654.966763020,-0.006710,-0.007792,-0.999947,-4.081817,-2.577345,0.920664,-174.274335,71.604046,0.1781,1.0000,0.5068,0.1781,1.0000,0.5068,2297,2297,1.000000,0,2.0000
1774618655.016804934,-0.005505,-0.007235,-0.999959,-4.061007,-2.570462,0.920427,-176.389478,70.744644,0.1407,1.0000,0.4844,0.1407,1.0000,0.4844,2270,2270,1.000000,0,2.0000
1774618655.066426992,-0.004051,-0.005416,-0.999977,-4.046469,-2.561145,0.915332,-177.848482,70.523014,0.1115,1.0000,0.4669,0.1115,1.0000,0.4669,2252,2252,1.000000,0,2.0000
1774618655.116393089,-0.003096,-0.004093,-0.999987,-4.033884,-2.553953,0.910911,-177.168784,70.427526,0.1261,1.0000,0.4757,0.1261,1.0000,0.4757,2248,2248,1.000000,0,2.0000
1774618655.166954041,-0.001317,-0.004108,-0.999991,-4.020776,-2.539467,0.908585,-177.466418,70.019501,0.1217,1.0000,0.4730,0.1217,1.0000,0.4730,2234,2234,1.000000,0,2.0000
1774618655.216871023,-0.005620,-0.007601,-0.999955,-3.985702,-2.521767,0.907997,-177.389174,69.332944,0.1263,1.0000,0.4758,0.1263,1.0000,0.4758,2187,2187,1.000000,0,2.0000
1774618655.266819954,-0.009110,-0.009180,-0.999916,-3.950305,-2.495940,0.901662,-177.155647,69.280640,0.1316,1.0000,0.4790,0.1316,1.0000,0.4790,2116,2116,1.000000,0,2.0000
1774618655.316875935,-0.008415,-0.008821,-0.999926,-3.925144,-2.480907,0.899405,-177.282612,68.768108,0.1311,1.0000,0.4786,0.1311,1.0000,0.4786,2085,2085,1.000000,0,2.0000
1774618655.366810083,-0.007339,-0.008434,-0.999937,-3.927658,-2.476838,0.900640,-177.186770,68.338633,0.1351,1.0000,0.4810,0.1351,1.0000,0.4810,2094,2094,1.000000,0,2.0000
1774618655.417243958,-0.006407,-0.007654,-0.999950,-3.914469,-2.457676,0.902852,-176.840460,68.167204,0.1436,1.0000,0.4862,0.1436,1.0000,0.4862,2084,2084,1.000000,0,2.0000
1774618655.467223883,-0.005368,-0.006763,-0.999963,-3.912364,-2.447210,0.907760,-175.674100,67.622218,0.1727,1.0000,0.5036,0.1727,1.0000,0.5036,2088,2088,1.000000,0,2.0000
1774618655.517247915,-0.004273,-0.004523,-0.999981,-3.891076,-2.427759,0.912437,-175.246030,67.428423,0.1835,1.0000,0.5101,0.1835,1.0000,0.5101,2083,2083,1.000000,0,2.0000
1774618655.567225933,-0.005201,-0.004925,-0.999974,-3.895428,-2.423775,0.912139,-174.163075,67.860819,0.2055,1.0000,0.5233,0.2055,1.0000,0.5233,2081,2081,1.000000,0,2.0000
1774618655.617218018,-0.003578,-0.004132,-0.999985,-3.888881,-2.417827,0.911912,-174.062319,68.499932,0.2036,1.0000,0.5221,0.2036,1.0000,0.5221,2080,2080,1.000000,0,2.0000
