timestamp,nx,ny,nz,visibility_score,inlier_score,combined_score
1774618499.672631025,0.041300,0.035375,-0.998520,0.2509,0.9321,0.5234
1774618499.722671986,0.036295,0.035407,-0.998714,0.2510,1.0000,0.5506
1774618499.772692919,0.009164,0.023812,-0.999674,0.2510,1.0000,0.5506
1774618499.822663069,0.016441,0.027889,-0.999476,0.2508,1.0000,0.5505
1774618499.872701883,0.036424,0.035535,-0.998704,0.2505,1.0000,0.5503
1774618499.922712088,0.034706,0.033633,-0.998831,0.2506,1.0000,0.5504
1774618499.972651005,0.034293,0.033721,-0.998843,0.2510,1.0000,0.5506
1774618500.022762060,0.030408,0.029203,-0.999111,0.2510,1.0000,0.5506
1774618500.072674990,0.034117,0.032546,-0.998888,0.2508,1.0000,0.5505
1774618500.122735977,0.031663,0.031396,-0.999005,0.2509,1.0000,0.5505
1774618500.172748089,0.031617,0.030862,-0.999023,0.2509,1.0000,0.5505
1774618500.222722054,0.032112,0.031922,-0.998974,0.2510,1.0000,0.5506
1774618500.322702885,0.033465,0.032747,-0.998903,0.2509,1.0000,0.5505
1774618500.472775936,0.034594,0.034270,-0.998814,0.2509,1.0000,0.5506
1774618500.572731018,0.036768,0.033902,-0.998749,0.2509,1.0000,0.5505
1774618500.672749996,0.037739,0.035305,-0.998664,0.2510,1.0000,0.5506
1774618500.772804022,0.035726,0.033007,-0.998816,0.2509,1.0000,0.5505
1774618500.872837067,0.031482,0.032446,-0.998978,0.2509,1.0000,0.5505
1774618500.972383976,0.031949,0.033350,-0.998933,0.2509,1.0000,0.5505
1774618501.072407007,0.034680,0.031210,-0.998911,0.2508,1.0000,0.5505
1774618501.122886896,0.029529,0.029642,-0.999124,0.2510,1.0000,0.5506
1774618501.222467899,0.033095,0.032906,-0.998910,0.2510,1.0000,0.5506
1774618501.322427034,0.035932,0.034770,-0.998749,0.2508,1.0000,0.5505
1774618501.372450113,0.031004,0.031338,-0.999028,0.2510,1.0000,0.5506
1774618501.472462893,0.019260,0.032601,-0.999283,0.2510,1.0000,0.5506
1774618501.522447109,0.036270,0.033290,-0.998787,0.2507,1.0000,0.5504
1774618501.622524023,0.030247,0.031524,-0.999045,0.2509,1.0000,0.5505
1774618501.722539902,0.034155,0.032622,-0.998884,0.2508,1.0000,0.5505
1774618501.772536993,0.037542,0.033489,-0.998734,0.2509,1.0000,0.5505
1774618501.872543097,0.034285,0.032220,-0.998893,0.2509,1.0000,0.5505
1774618501.972549915,0.030630,0.031293,-0.999041,0.2510,1.0000,0.5506
1774618502.022533894,0.007097,0.024516,-0.999674,0.2508,1.0000,0.5505
1774618502.122560024,0.033415,0.032815,-0.998903,0.2509,1.0000,0.5506
1774618502.222582102,0.034890,0.032239,-0.998871,0.2510,1.0000,0.5506
1774618502.322606087,0.045011,0.033808,-0.998414,0.2509,1.0000,0.5506
1774618502.422585964,0.029855,0.031613,-0.999054,0.2502,1.0000,0.5501
1774618502.472642899,0.023917,0.034892,-0.999105,0.2503,1.0000,0.5502
1774618502.572640896,0.036780,0.031264,-0.998834,0.2508,1.0000,0.5505
1774618502.672624111,0.035491,0.032797,-0.998832,0.2509,1.0000,0.5506
1774618502.772639990,0.035294,0.033386,-0.998819,0.2509,1.0000,0.5505
1774618502.822640896,0.042688,0.035860,-0.998445,0.2508,1.0000,0.5505
1774618502.922682047,0.005012,0.019508,-0.999797,0.2546,1.0000,0.5527
1774618503.022684097,0.032633,0.031797,-0.998961,0.2617,1.0000,0.5570
1774618503.072676897,0.035208,0.033713,-0.998811,0.2623,1.0000,0.5574
1774618503.172280073,0.037716,0.033963,-0.998711,0.2613,0.9944,0.5546
1774618503.272284031,0.036305,0.033932,-0.998765,0.2636,0.9976,0.5572
1774618503.322312117,0.075765,0.057672,-0.995457,0.2642,0.8639,0.5041
1774618503.422380924,0.015426,0.037752,-0.999168,0.2662,1.0000,0.5597
1774618503.522336006,0.035987,0.035083,-0.998736,0.2687,1.0000,0.5612
1774618503.622368097,0.013483,0.029915,-0.999462,0.2503,1.0000,0.5502
1774618503.722369909,0.038578,0.035392,-0.998629,0.2674,0.9250,0.5305
1774618503.821984053,0.016590,0.028641,-0.999452,0.3310,1.0000,0.5986
1774618503.972004890,0.030328,0.029068,-0.999117,0.3310,0.9905,0.5948
1774618504.072470903,0.030682,0.032546,-0.998999,0.2835,1.0000,0.5701
1774618504.172847986,0.036474,0.033777,-0.998764,0.2004,1.0000,0.5202
1774618504.272851944,0.026025,0.026786,-0.999302,0.1250,1.0000,0.4750
1774618504.322427034,0.009359,0.028806,-0.999541,0.0926,1.0000,0.4556
1774618504.422462940,0.019414,0.033806,-0.999240,0.0500,1.0000,0.4300
1774618504.522145033,0.016883,0.026789,-0.999499,0.0327,1.0000,0.4196
1774618504.572088957,0.005477,0.027288,-0.999613,0.0317,1.0000,0.4190
1774618504.622163057,0.006224,0.029590,-0.999543,0.0312,1.0000,0.4187
1774618504.721709013,0.024715,0.029996,-0.999244,0.0388,1.0000,0.4233
1774618504.821732044,0.022778,0.028800,-0.999326,0.0384,1.0000,0.4230
1774618504.921756029,0.008031,0.034853,-0.999360,0.0419,1.0000,0.4251
1774618504.971712112,0.025889,0.031387,-0.999172,0.0439,1.0000,0.4263
1774618505.021742105,0.017453,0.035235,-0.999227,0.0468,1.0000,0.4281
1774618505.121812105,0.025300,0.030060,-0.999228,0.0455,1.0000,0.4273
1774618505.171760082,0.020963,0.027888,-0.999391,0.0482,1.0000,0.4289
1774618505.272181034,0.026396,0.032915,-0.999110,0.0491,1.0000,0.4294
1774618505.322204113,0.028460,0.029869,-0.999149,0.0507,1.0000,0.4304
1774618505.422209978,0.031695,0.029459,-0.999063,0.0558,1.0000,0.4335
1774618505.472203016,0.033239,0.030330,-0.998987,0.0519,1.0000,0.4311
1774618505.572602034,0.030714,0.030469,-0.999064,0.0446,1.0000,0.4268
1774618505.622591019,0.013217,0.031197,-0.999426,0.0424,1.0000,0.4254
1774618505.722253084,0.026829,0.032252,-0.999120,0.0477,1.0000,0.4286
1774618505.771826029,0.023472,0.031827,-0.999218,0.0490,1.0000,0.4294
1774618505.821448088,0.019782,0.030670,-0.999334,0.0455,1.0000,0.4273
1774618505.921117067,0.014354,0.034388,-0.999305,0.0342,1.0000,0.4205
1774618505.970633984,0.029354,0.029194,-0.999143,0.0234,1.0000,0.4140
1774618506.070660114,0.021956,0.031732,-0.999255,0.0137,1.0000,0.4082
1774618506.221081018,0.027542,0.030874,-0.999144,0.0912,1.0000,0.4547
1774618506.271132946,0.029078,0.031813,-0.999071,0.1260,1.0000,0.4756
1774618506.371464968,0.023551,0.031736,-0.999219,0.1808,1.0000,0.5085
1774618506.421541929,0.015957,0.033880,-0.999298,0.2340,1.0000,0.5404
1774618506.521928072,0.027240,0.029737,-0.999187,0.4320,1.0000,0.6592
1774618506.571933985,0.022437,0.031908,-0.999239,0.5338,1.0000,0.7203
1774618506.621937990,0.030076,0.030274,-0.999089,0.6704,1.0000,0.8022
1774618506.671998024,0.025142,0.030601,-0.999215,0.7992,1.0000,0.8795
1774618506.722002983,0.025549,0.034541,-0.999077,0.9207,1.0000,0.9524
1774618506.771541119,0.023851,0.031263,-0.999227,0.9941,1.0000,0.9965
1774618506.821583033,0.025305,0.032233,-0.999160,0.9411,1.0000,0.9647
1774618506.871609926,0.021552,0.032417,-0.999242,0.6526,1.0000,0.7915
1774618506.921614885,0.015721,0.028218,-0.999478,0.1094,0.9828,0.4588
1774618506.971626997,0.015829,0.032092,-0.999360,0.6577,1.0000,0.7946
1774618507.021677017,0.023849,0.031318,-0.999225,0.9632,1.0000,0.9779
1774618507.071619987,0.031966,0.028585,-0.999080,0.9984,1.0000,0.9991
1774618507.121639013,0.034421,0.029732,-0.998965,0.9228,1.0000,0.9537
1774618507.171612978,0.019316,0.031517,-0.999317,0.6660,1.0000,0.7996
1774618507.221646070,0.026820,0.031591,-0.999141,0.2839,1.0000,0.5703
1774618507.271600008,0.010004,0.022956,-0.999686,0.1850,0.9492,0.4907
1774618507.321670055,0.027600,0.030721,-0.999147,0.4091,1.0000,0.6455
1774618507.421667099,0.029748,0.033221,-0.999005,0.5366,1.0000,0.7219
1774618507.471611023,0.027779,0.031829,-0.999107,0.5281,1.0000,0.7169
1774618507.521655083,0.019810,0.033889,-0.999229,0.4797,1.0000,0.6878
1774618507.572078943,0.023951,0.032825,-0.999174,0.3815,1.0000,0.6289
1774618507.622057915,0.021096,0.030486,-0.999313,0.2230,1.0000,0.5338
1774618507.672493935,0.028714,0.029795,-0.999144,0.1099,1.0000,0.4659
1774618507.722470999,0.028288,0.031285,-0.999110,0.2999,1.0000,0.5800
1774618507.772501945,0.028580,0.031458,-0.999096,0.4232,1.0000,0.6539
1774618507.822472095,0.025915,0.035060,-0.999049,0.4939,1.0000,0.6964
1774618507.872153997,0.024626,0.034057,-0.999116,0.4562,1.0000,0.6737
1774618507.922117949,0.023970,0.028882,-0.999295,0.2897,1.0000,0.5738
1774618507.971666098,0.016779,0.030600,-0.999391,0.1302,1.0000,0.4781
1774618508.071772099,0.028010,0.030886,-0.999130,0.1080,1.0000,0.4648
1774618508.171724081,0.024996,0.031421,-0.999194,0.3889,1.0000,0.6333
1774618508.221785069,0.005490,0.031389,-0.999492,0.6579,1.0000,0.7947
1774618508.271724939,0.033769,0.029291,-0.999000,0.8251,1.0000,0.8951
1774618508.322199106,0.029837,0.031016,-0.999073,0.8060,1.0000,0.8836
1774618508.372167110,0.032124,0.032044,-0.998970,0.6057,1.0000,0.7634
1774618508.422629118,0.026307,0.029813,-0.999209,0.2044,1.0000,0.5226
1774618508.472573042,0.023378,0.028668,-0.999316,0.5557,1.0000,0.7334
1774618508.522602081,0.025969,0.031695,-0.999160,0.7849,1.0000,0.8709
1774618508.572566032,0.004397,0.029307,-0.999561,0.8131,1.0000,0.8879
1774618508.622184992,0.038262,0.030666,-0.998797,0.6737,1.0000,0.8042
1774618508.671823025,0.019344,0.030322,-0.999353,0.4517,1.0000,0.6710
1774618508.721837044,0.026824,0.034189,-0.999055,0.1474,1.0000,0.4884
1774618508.771425009,0.034005,0.030884,-0.998944,0.2802,1.0000,0.5681
1774618508.921066046,0.033916,0.029888,-0.998978,0.7470,1.0000,0.8482
1774618508.970998049,0.023647,0.030908,-0.999242,0.8266,1.0000,0.8960
1774618509.071016073,0.013792,0.023793,-0.999622,0.6679,1.0000,0.8007
1774618509.121032953,0.020414,0.025610,-0.999464,0.1499,1.0000,0.4899
1774618509.171471119,0.025394,0.032573,-0.999147,0.5332,1.0000,0.7199
1774618509.221483946,0.016535,0.031804,-0.999357,0.6282,1.0000,0.7769
1774618509.271054983,0.033684,0.030331,-0.998972,0.5167,1.0000,0.7100
1774618509.321069002,0.020383,0.030716,-0.999320,0.3474,1.0000,0.6084
1774618509.371121883,0.019078,0.029662,-0.999378,0.1337,1.0000,0.4802
1774618509.420701027,0.023298,0.028521,-0.999322,0.1672,1.0000,0.5003
1774618509.520716906,0.022097,0.030498,-0.999291,0.1293,1.0000,0.4776
1774618509.570724964,0.020169,0.030602,-0.999328,0.1157,1.0000,0.4694
1774618509.620713949,0.024206,0.029730,-0.999265,0.3366,1.0000,0.6019
1774618509.720762968,0.021553,0.030754,-0.999295,0.7569,1.0000,0.8541
1774618509.771135092,0.018179,0.029688,-0.999394,0.9053,1.0000,0.9432
1774618509.821146965,0.014579,0.021385,-0.999665,0.8941,1.0000,0.9364
1774618509.871543884,0.028957,0.030143,-0.999126,0.6406,1.0000,0.7844
1774618509.921578884,0.020179,0.028454,-0.999391,0.1448,1.0000,0.4869
1774618509.971538067,0.018215,0.029848,-0.999388,0.4173,1.0000,0.6504
1774618510.022021055,0.020497,0.028801,-0.999375,0.7337,1.0000,0.8402
1774618510.072036982,0.044938,0.029263,-0.998561,0.9392,1.0000,0.9635
1774618510.122004986,0.023188,0.033562,-0.999168,0.9604,1.0000,0.9762
1774618510.171595097,0.014089,0.031898,-0.999392,0.8297,1.0000,0.8978
1774618510.221606016,0.028941,0.030273,-0.999123,0.5955,1.0000,0.7573
1774618510.271651030,0.028980,0.028251,-0.999181,0.3299,1.0000,0.5979
1774618510.321610928,0.026106,0.027114,-0.999291,0.1242,1.0000,0.4745
1774618510.421205044,0.020469,0.026259,-0.999446,0.4626,1.0000,0.6776
1774618510.571645975,0.019458,0.030567,-0.999343,0.5942,1.0000,0.7565
1774618510.622102976,0.018887,0.033822,-0.999249,0.4949,1.0000,0.6969
1774618510.672054052,0.014293,0.030352,-0.999437,0.3096,1.0000,0.5857
1774618510.722472906,0.045693,0.031049,-0.998473,0.1330,1.0000,0.4798
1774618510.772542000,0.029136,0.034110,-0.998993,0.1503,1.0000,0.4902
1774618510.822482109,0.020342,0.031605,-0.999293,0.3086,1.0000,0.5851
1774618510.872520924,0.025578,0.028934,-0.999254,0.4043,1.0000,0.6426
1774618510.922461033,0.023856,0.028383,-0.999312,0.3887,1.0000,0.6332
1774618510.972124100,0.024403,0.026705,-0.999345,0.3072,1.0000,0.5843
1774618511.021688938,0.025319,0.030370,-0.999218,0.1593,1.0000,0.4956
1774618511.071274996,0.022441,0.030603,-0.999280,0.1575,1.0000,0.4945
1774618511.121388912,0.034170,0.026823,-0.999056,0.1938,1.0000,0.5163
1774618511.270895958,0.025952,0.029190,-0.999237,0.7066,1.0000,0.8239
1774618511.320940018,0.021195,0.026271,-0.999430,0.8893,1.0000,0.9336
1774618511.370939016,0.025251,0.030761,-0.999208,0.9614,1.0000,0.9769
1774618511.470921040,0.019427,0.033770,-0.999241,0.7402,1.0000,0.8441
1774618511.521339893,0.021890,0.029111,-0.999336,0.3989,1.0000,0.6393
1774618511.571399927,0.023894,0.032693,-0.999180,0.3361,1.0000,0.6016
1774618511.621334076,-0.000751,0.028347,-0.999598,0.7222,1.0000,0.8333
1774618511.671395063,0.013253,0.032132,-0.999396,0.9121,1.0000,0.9473
1774618511.721400976,0.031430,0.032510,-0.998977,0.9152,1.0000,0.9491
1774618511.771414042,0.036905,0.033858,-0.998745,0.7831,1.0000,0.8699
1774618511.821043015,0.005246,0.029079,-0.999563,0.5682,1.0000,0.7409
1774618511.871007919,0.007562,0.028379,-0.999569,0.2207,1.0000,0.5324
1774618511.920977116,-0.008037,0.054516,-0.998481,0.5026,0.2617,0.4063
1774618512.121062040,0.012260,0.030947,-0.999446,0.9760,1.0000,0.9856
1774618512.171484947,0.028440,0.028927,-0.999177,0.8884,1.0000,0.9330
1774618512.221476078,0.028121,0.030643,-0.999135,0.6341,1.0000,0.7805
1774618512.271518946,0.026457,0.027558,-0.999270,0.3507,1.0000,0.6104
1774618512.321856976,0.034243,0.034155,-0.998830,0.1620,1.0000,0.4972
1774618512.371965885,0.011378,0.033382,-0.999378,0.6536,1.0000,0.7922
1774618512.421832085,0.022881,0.031581,-0.999239,0.8013,1.0000,0.8808
1774618512.471971035,0.010234,0.028656,-0.999537,0.7050,1.0000,0.8230
1774618512.522825003,0.031307,0.029794,-0.999066,0.4488,1.0000,0.6693
1774618512.571520090,0.030735,0.033179,-0.998977,0.3167,1.0000,0.5900
1774618512.621505022,0.021776,0.025174,-0.999446,0.3941,0.9652,0.6225
1774618512.671545029,0.029216,0.031985,-0.999061,0.3393,0.9744,0.5933
1774618512.821121931,0.024435,0.029394,-0.999269,0.1074,1.0000,0.4644
1774618512.921186924,0.014225,0.029627,-0.999460,0.3185,1.0000,0.5911
1774618512.971529007,0.009930,0.033478,-0.999390,0.4483,1.0000,0.6690
1774618513.021605015,0.020498,0.030153,-0.999335,0.4733,1.0000,0.6840
1774618513.071652889,0.022400,0.029929,-0.999301,0.3964,1.0000,0.6378
1774618513.121970892,0.022537,0.029854,-0.999300,0.0809,1.0000,0.4486
1774618513.172019958,0.026061,0.032570,-0.999130,0.3045,1.0000,0.5827
1774618513.221975088,0.024980,0.032365,-0.999164,0.5649,1.0000,0.7389
1774618513.271976948,0.023756,0.034436,-0.999125,0.7778,1.0000,0.8667
1774618513.322030067,0.025873,0.028168,-0.999268,0.9068,1.0000,0.9441
1774618513.372111082,0.028043,0.035032,-0.998993,0.9036,1.0000,0.9422
1774618513.422012091,0.012906,0.034578,-0.999319,0.7717,1.0000,0.8630
1774618513.471631050,0.024888,0.031954,-0.999179,0.5886,1.0000,0.7532
1774618513.521640062,0.020853,0.034900,-0.999173,0.3477,1.0000,0.6086
1774618513.671272039,0.021275,0.028512,-0.999367,0.1431,1.0000,0.4858
1774618513.821670055,0.017907,0.026539,-0.999487,0.3925,1.0000,0.6355
1774618513.871746063,0.029978,0.029692,-0.999109,0.4253,0.9945,0.6529
1774618513.971708059,0.017896,0.028255,-0.999441,0.4656,1.0000,0.6794
1774618514.021750927,0.036824,0.034580,-0.998723,0.4943,1.0000,0.6966
1774618514.071274996,0.020330,0.026570,-0.999440,0.5057,1.0000,0.7034
1774618514.121305943,0.018465,0.029482,-0.999395,0.5091,1.0000,0.7055
1774618514.171314001,0.012000,0.031378,-0.999436,0.5056,1.0000,0.7033
1774618514.221268892,0.027403,0.031292,-0.999135,0.5151,1.0000,0.7091
1774618514.270931005,0.028938,0.030599,-0.999113,0.5006,1.0000,0.7004
1774618514.320918083,0.013492,0.030007,-0.999459,0.4911,1.0000,0.6947
1774618514.371293068,0.018994,0.033463,-0.999259,0.4916,1.0000,0.6949
1774618514.421387911,0.016257,0.032175,-0.999350,0.4945,1.0000,0.6967
1774618514.471396923,0.023281,0.029229,-0.999302,0.4903,1.0000,0.6942
1774618514.521740913,0.013298,0.026815,-0.999552,0.4608,0.9711,0.6650
1774618514.571742058,0.016038,0.030073,-0.999419,0.4586,0.9451,0.6532
1774618514.621761084,0.027294,0.028761,-0.999214,0.4414,0.9287,0.6363
1774618514.672147036,0.013742,0.024101,-0.999615,0.4470,0.9028,0.6294
1774618514.722177982,0.020700,0.028567,-0.999378,0.4623,0.9217,0.6460
1774618514.772167921,0.025194,0.027316,-0.999309,0.4798,0.9107,0.6522
1774618514.822590113,0.029416,0.031552,-0.999069,0.4521,0.8710,0.6197
1774618514.872584105,0.031732,0.027784,-0.999110,0.4474,0.8935,0.6259
1774618514.922602892,0.022562,0.030388,-0.999284,0.4177,0.9134,0.6160
1774618514.972584963,0.026471,0.031631,-0.999149,0.4253,0.9216,0.6238
1774618515.022628069,0.017191,0.026045,-0.999513,0.4471,0.9410,0.6446
1774618515.072588921,0.021898,0.028646,-0.999350,0.3591,0.9308,0.5878
1774618515.122257948,0.024340,0.026060,-0.999364,0.2787,0.9304,0.5394
1774618515.171802044,0.017652,0.022650,-0.999588,0.1150,0.8970,0.4278
1774618515.221405983,0.030394,0.034559,-0.998940,0.2458,0.9117,0.5121
1774618515.271034002,0.038606,0.033373,-0.998697,0.3156,0.8997,0.5493
1774618515.320678949,0.025554,0.031924,-0.999164,0.3432,0.9349,0.5799
1774618515.370290041,0.015752,0.029968,-0.999427,0.3649,0.9453,0.5971
1774618515.419884920,0.020117,0.024272,-0.999503,0.3353,0.9206,0.5694
1774618515.469540119,0.036806,0.029333,-0.998892,0.2590,0.9425,0.5324
1774618515.519104004,0.017379,0.030184,-0.999393,0.1644,0.9635,0.4841
1774618515.569086075,0.013818,0.034779,-0.999299,0.1427,0.9550,0.4676
1774618515.618781090,0.027102,0.028181,-0.999235,0.3017,0.9746,0.5709
1774618515.668683052,0.020544,0.030978,-0.999309,0.4576,0.9970,0.6734
1774618515.718677998,0.022711,0.035079,-0.999126,0.6021,0.9958,0.7595
1774618515.768726110,0.018624,0.035905,-0.999182,0.7401,0.9823,0.8370
1774618515.818723917,0.022043,0.033534,-0.999194,0.8402,0.9964,0.9027
1774618515.869119883,0.017414,0.029916,-0.999401,0.9042,0.9582,0.9258
1774618515.919091940,0.009899,0.032422,-0.999425,0.8898,0.9724,0.9228
1774618515.969535112,0.021855,0.032205,-0.999242,0.7986,0.9627,0.8643
1774618516.019536018,0.022112,0.032489,-0.999227,0.6266,0.9900,0.7719
1774618516.069981098,0.021924,0.034930,-0.999149,0.3683,0.9558,0.6033
1774618516.119935989,0.022121,0.032378,-0.999231,0.0602,0.9618,0.4209
1774618516.170375109,0.004730,0.032389,-0.999464,0.3792,0.8996,0.5874
1774618516.220361948,0.024535,0.026671,-0.999343,0.4765,0.9284,0.6573
1774618516.270401955,0.001995,0.032374,-0.999474,0.3028,0.8909,0.5380
1774618516.320365906,0.026670,0.030819,-0.999169,0.0846,0.9262,0.4213
1774618516.370392084,0.023094,0.027539,-0.999354,0.4057,0.9068,0.6062
1774618516.420398951,0.019953,0.031293,-0.999311,0.6310,0.9170,0.7454
1774618516.470382929,0.017229,0.026094,-0.999511,0.8126,0.8896,0.8434
1774618516.520410061,0.024739,0.033589,-0.999129,0.9684,0.8833,0.9344
1774618516.570398092,0.038418,0.023382,-0.998988,0.9785,0.8806,0.9393
1774618516.620409012,0.027625,0.026444,-0.999269,0.3792,0.8963,0.5861
1774618516.820822001,0.020262,0.026858,-0.999434,0.5520,0.8385,0.6666
1774618516.870841026,0.022863,0.025732,-0.999407,0.5443,0.7944,0.6443
1774618516.920850039,0.014940,0.027423,-0.999512,0.4960,0.8166,0.6243
1774618516.971314907,0.016909,0.021047,-0.999635,0.4010,0.8027,0.5617
1774618517.021313906,0.009369,0.017137,-0.999809,0.1460,0.7491,0.3872
1774618517.071706057,0.027151,0.026848,-0.999271,0.1905,0.7085,0.3977
1774618517.121656895,0.040182,0.022367,-0.998942,0.3186,0.7299,0.4832
1774618517.172089100,0.023018,0.023736,-0.999453,0.3237,0.7824,0.5072
1774618517.222075939,0.008402,0.024086,-0.999675,0.2375,0.7747,0.4524
1774618517.272103071,0.014935,0.025264,-0.999569,0.5427,0.7930,0.6428
1774618517.322107077,0.010338,0.029069,-0.999524,0.7139,0.7893,0.7440
1774618517.372164965,0.033098,0.020374,-0.999244,0.8447,0.7771,0.8177
1774618517.422106028,0.008177,0.026188,-0.999624,0.9356,0.8074,0.8843
1774618517.472106934,0.009264,0.023960,-0.999670,0.9887,0.8050,0.9152
1774618517.522152901,0.018642,0.028896,-0.999409,0.9952,0.8138,0.9226
1774618517.571688890,0.025859,0.028198,-0.999268,0.9506,0.8170,0.8972
1774618517.621808052,0.014905,0.030203,-0.999433,0.8559,0.8272,0.8444
1774618517.671350956,0.024339,0.034024,-0.999125,0.7026,0.8107,0.7458
1774618517.721347094,0.024972,0.023772,-0.999405,0.5402,0.8102,0.6482
1774618517.771338940,0.038146,0.027085,-0.998905,0.3933,0.7922,0.5528
1774618517.820975065,0.042164,0.031755,-0.998606,0.2602,0.7711,0.4645
1774618517.870928049,0.020365,0.024705,-0.999487,0.1453,0.8194,0.4150
1774618517.920972109,0.029110,0.029717,-0.999134,0.0568,0.8185,0.3615
1774618517.970966101,0.024708,0.031327,-0.999204,0.1270,0.8321,0.4091
1774618518.020978928,0.035505,0.026228,-0.999025,0.1752,0.8151,0.4312
1774618518.071017027,0.024366,0.030144,-0.999249,0.2320,0.8234,0.4685
1774618518.120976925,0.037001,0.033700,-0.998747,0.2827,0.7828,0.4827
1774618518.170787096,0.024644,0.023134,-0.999429,0.3404,0.8280,0.5354
1774618518.220694065,0.032520,0.030125,-0.999017,0.4265,0.8322,0.5888
1774618518.270601034,0.027217,0.025512,-0.999304,0.5370,0.8373,0.6571
1774618518.320656061,0.016586,0.023046,-0.999597,0.6270,0.8248,0.7061
1774618518.370605946,0.023413,0.025103,-0.999411,0.7146,0.8501,0.7688
1774618518.420644045,0.030897,0.029873,-0.999076,0.7621,0.8494,0.7970
1774618518.470632076,0.018325,0.028289,-0.999432,0.7951,0.8607,0.8213
1774618518.520694971,0.016183,0.024303,-0.999574,0.8080,0.8641,0.8304
1774618518.570640087,0.023515,0.026186,-0.999380,0.8137,0.8540,0.8298
1774618518.620660067,0.035396,0.031503,-0.998877,0.7967,0.8503,0.8181
1774618518.670640945,0.022890,0.031620,-0.999238,0.7598,0.8663,0.8024
1774618518.720683098,0.028379,0.034553,-0.999000,0.6982,0.8498,0.7588
1774618518.770689964,0.040648,0.036226,-0.998517,0.5913,0.8252,0.6849
1774618518.820671082,0.009992,0.022296,-0.999701,0.4277,0.8492,0.5963
1774618518.870678902,0.017044,0.025361,-0.999533,0.0618,0.9221,0.4059
1774618518.920715094,0.018552,0.032630,-0.999295,0.2293,1.0000,0.5376
1774618519.071146011,0.018769,0.024900,-0.999514,0.3543,1.0000,0.6126
1774618519.221151114,0.018995,0.031720,-0.999316,0.3573,1.0000,0.6144
1774618519.321120024,0.037179,0.024144,-0.999017,0.2360,0.9852,0.5357
1774618519.471163034,0.015702,0.032478,-0.999349,0.1199,1.0000,0.4719
1774618519.521600962,0.022629,0.031896,-0.999235,0.1058,1.0000,0.4635
1774618519.622039080,0.024003,0.025367,-0.999390,0.1653,1.0000,0.4992
1774618519.771574974,0.022217,0.027676,-0.999370,0.1715,1.0000,0.5029
1774618519.871200085,0.045310,0.029844,-0.998527,0.1853,0.8981,0.4704
1774618519.921221972,0.012217,0.023235,-0.999655,0.1858,0.8981,0.4708
1774618519.971223116,0.042297,0.032846,-0.998565,0.1821,0.9138,0.4748
1774618520.021202087,0.018137,0.027605,-0.999454,0.1769,0.9110,0.4706
1774618520.070842981,0.022712,0.028564,-0.999334,0.2191,0.9676,0.5185
1774618520.120860100,0.039094,0.032444,-0.998709,0.2446,0.9017,0.5074
1774618520.170856953,0.032333,0.032615,-0.998945,0.2804,0.9877,0.5633
1774618520.220848083,0.024101,0.029436,-0.999276,0.2936,0.9917,0.5729
1774618520.270848036,0.017469,0.025164,-0.999531,0.2916,0.9481,0.5542
1774618520.321269989,0.018566,0.023903,-0.999542,0.2859,0.9082,0.5348
1774618520.371248960,0.023433,0.034552,-0.999128,0.2908,0.9011,0.5349
1774618520.421283007,0.021816,0.025524,-0.999436,0.2858,0.8744,0.5212
1774618520.471298933,0.034084,0.032550,-0.998889,0.2844,0.8640,0.5163
1774618520.521693945,0.003013,0.033519,-0.999434,0.2926,0.8280,0.5068
1774618520.571721077,-0.000708,0.041935,-0.999120,0.3129,0.7852,0.5018
1774618520.622092962,0.012409,0.034635,-0.999323,0.3231,0.8229,0.5230
1774618520.672127008,0.028517,0.027949,-0.999202,0.3510,0.8534,0.5520
1774618520.722137928,0.025199,0.025539,-0.999356,0.3675,0.8532,0.5617
1774618520.772134066,0.017415,0.025870,-0.999514,0.3825,0.8588,0.5730
1774618520.822375059,0.026157,0.033205,-0.999106,0.3451,0.8185,0.5345
1774618520.872186899,0.023873,0.033611,-0.999150,0.3758,0.8120,0.5503
1774618520.921756983,0.030767,0.035016,-0.998913,0.3922,0.7862,0.5498
1774618520.971376896,0.011849,0.027697,-0.999546,0.4160,0.8018,0.5703
1774618521.020968914,0.013370,0.029485,-0.999476,0.4796,0.8035,0.6092
1774618521.071022034,0.031553,0.027905,-0.999112,0.5543,0.8003,0.6527
1774618521.120975971,0.026438,0.028240,-0.999251,0.6365,0.7984,0.7012
1774618521.170991898,0.020728,0.028537,-0.999378,0.7454,0.7891,0.7629
1774618521.221421957,0.029053,0.022079,-0.999334,0.8659,0.7564,0.8221
1774618521.271416903,0.014470,0.021589,-0.999662,0.9096,0.7468,0.8444
1774618521.321841002,0.033027,0.028767,-0.999040,0.4916,0.7423,0.5919
1774618521.371887922,0.018800,0.032490,-0.999295,0.1700,0.7508,0.4023
1774618521.421807051,0.026679,0.034079,-0.999063,0.7821,0.7352,0.7634
1774618521.471805096,0.022601,0.031692,-0.999242,0.8281,0.7491,0.7965
1774618521.521425009,0.045904,0.020633,-0.998733,0.3266,0.6627,0.4610
1774618521.571404934,0.021193,0.029206,-0.999349,0.9012,0.7357,0.8350
1774618521.621006966,0.033946,0.030456,-0.998959,0.8867,0.7757,0.8423
1774618521.670670033,0.016555,0.023281,-0.999592,0.6342,0.7633,0.6858
1774618521.720268011,0.048404,0.033301,-0.998273,0.3077,0.7459,0.4830
1774618521.819880009,0.023826,0.024332,-0.999420,0.1469,0.7451,0.3862
1774618521.869961977,0.030036,0.034396,-0.998957,0.0823,0.7442,0.3471
1774618521.969965935,0.026220,0.030413,-0.999193,0.1810,0.7211,0.3970
1774618522.019870996,0.036630,0.027185,-0.998959,0.3385,0.7110,0.4875
1774618522.069916010,0.029539,0.030925,-0.999085,0.4633,0.7124,0.5629
1774618522.119914055,0.016796,0.030102,-0.999406,0.5223,0.7068,0.5961
1774618522.219954014,0.005617,0.025336,-0.999663,0.3843,0.7033,0.5119
1774618522.319960117,0.038053,0.034576,-0.998677,0.0912,0.7106,0.3389
1774618522.420363903,0.016667,0.022404,-0.999610,0.0499,0.7251,0.3200
1774618522.520735025,0.016717,0.028523,-0.999453,0.0668,0.8038,0.3616
1774618522.571131945,0.026334,0.029254,-0.999225,0.1348,0.8167,0.4076
1774618522.621195078,0.022259,0.029831,-0.999307,0.2999,0.8117,0.5046
1774618522.671622038,0.023060,0.028110,-0.999339,0.4463,0.8183,0.5951
1774618522.721595049,0.029067,0.036368,-0.998916,0.5537,0.8482,0.6715
1774618522.771588087,0.008466,0.028504,-0.999558,0.6269,0.8619,0.7209
1774618522.821605921,0.050914,0.035457,-0.998073,0.5476,0.8479,0.6677
1774618522.871561050,0.008786,0.031050,-0.999479,0.3653,0.9173,0.5861
1774618522.921629906,0.026864,0.030610,-0.999170,0.2596,0.9467,0.5344
1774618522.971570969,0.012075,0.035113,-0.999310,0.6311,0.9399,0.7546
1774618523.071613073,0.021401,0.029540,-0.999334,0.7605,0.9835,0.8497
1774618523.221628904,-0.002606,0.026884,-0.999635,0.2447,0.8182,0.4741
1774618523.372126102,0.020826,0.025285,-0.999463,0.1392,0.8552,0.4256
1774618523.421685934,0.023556,0.022494,-0.999469,0.2732,0.8039,0.4855
1774618523.521338940,0.025738,0.031375,-0.999176,0.7180,0.8656,0.7770
1774618523.620908976,0.018304,0.030621,-0.999363,0.9841,0.9038,0.9520
1774618523.720535994,0.035822,0.033458,-0.998798,0.8167,0.9063,0.8526
1774618523.820511103,0.001741,0.034621,-0.999399,0.1016,0.9094,0.4247
1774618523.870521069,0.026622,0.031447,-0.999151,0.3998,0.9270,0.6107
1774618523.920964003,0.021527,0.030667,-0.999298,0.5430,0.9389,0.7013
1774618523.970906973,0.014401,0.033294,-0.999342,0.5655,0.9376,0.7143
1774618524.020940065,0.039155,0.029424,-0.998800,0.2977,0.8746,0.5285
1774618524.071392059,0.019681,0.034847,-0.999199,0.1826,0.8465,0.4481
1774618524.121375084,0.052042,0.030138,-0.998190,0.4092,0.7634,0.5509
1774618524.171354055,0.008146,0.028090,-0.999572,0.7392,0.7689,0.7511
1774618524.221777916,0.029283,0.029652,-0.999131,0.9067,0.7798,0.8560
1774618524.271754026,0.026584,0.029271,-0.999218,0.9832,0.7690,0.8976
1774618524.321790934,0.021080,0.025413,-0.999455,0.9779,0.7498,0.8867
1774618524.371786118,0.021992,0.026357,-0.999411,0.8759,0.7315,0.8181
1774618524.421783924,0.020105,0.034076,-0.999217,0.6459,0.7277,0.6786
1774618524.471769094,0.024000,0.026765,-0.999354,0.3652,0.7265,0.5097
1774618524.521804094,0.006131,0.025595,-0.999654,0.0865,0.7206,0.3401
